Data As Of,Start Date,End Date,Group,State,Sex,Age Group,COVID-19 Deaths,Total Deaths,Pneumonia Deaths,Influenza Deaths,"Pneumonia, Influenza, or COVID-19 Deaths"
09/27/2023,01/01/2020,09/23/2023,By Total,United States,All Sexes,All Ages,1146774.0,12303399.0,1162844.0,22229.0,1760095.0
09/27/2023,01/01/2020,09/23/2023,By Total,United States,All Sexes,Under 1 year,519.0,73213.0,1056.0,64.0,1541.0
09/27/2023,01/01/2020,09/23/2023,By Total,United States,All Sexes,0-17 years,1696.0,130970.0,2961.0,509.0,4716.0
09/27/2023,01/01/2020,09/23/2023,By Total,United States,All Sexes,1-4 years,285.0,14299.0,692.0,177.0,1079.0
09/27/2023,01/01/2020,09/23/2023,By Total,United States,All Sexes,5-14 years,509.0,22008.0,818.0,219.0,1390.0
09/27/2023,01/01/2020,09/23/2023,By Total,United States,All Sexes,15-24 years,3021.0,133459.0,3175.0,206.0,5133.0
09/27/2023,01/01/2020,09/23/2023,By Total,United States,All Sexes,18-29 years,7030.0,231382.0,7038.0,329.0,11206.0
09/27/2023,01/01/2020,09/23/2023,By Total,United States,All Sexes,25-34 years,12401.0,278680.0,11706.0,464.0,18689.0
09/27/2023,01/01/2020,09/23/2023,By Total,United States,All Sexes,30-39 years,19886.0,348041.0,18395.0,644.0,29114.0
09/27/2023,01/01/2020,09/23/2023,By Total,United States,All Sexes,35-44 years,30108.0,416477.0,27301.0,797.0,42904.0
09/27/2023,01/01/2020,09/23/2023,By Total,United States,All Sexes,40-49 years,46260.0,511478.0,41105.0,1002.0,64168.0
09/27/2023,01/01/2020,09/23/2023,By Total,United States,All Sexes,45-54 years,71388.0,709522.0,64918.0,1452.0,99423.0
09/27/2023,01/01/2020,09/23/2023,By Total,United States,All Sexes,50-64 years,203071.0,2030691.0,202077.0,4345.0,298620.0
09/27/2023,01/01/2020,09/23/2023,By Total,United States,All Sexes,55-64 years,159712.0,1604904.0,161910.0,3450.0,237665.0
09/27/2023,01/01/2020,09/23/2023,By Total,United States,All Sexes,65-74 years,256806.0,2509095.0,272676.0,4676.0,394174.0
09/27/2023,01/01/2020,09/23/2023,By Total,United States,All Sexes,75-84 years,300162.0,3034906.0,317267.0,5348.0,470076.0
09/27/2023,01/01/2020,09/23/2023,By Total,United States,All Sexes,85 years and over,311863.0,3506836.0,301325.0,5376.0,488021.0
09/27/2023,01/01/2020,09/23/2023,By Total,United States,Male,All Ages,629728.0,6469164.0,645490.0,10848.0,958520.0
09/27/2023,01/01/2020,09/23/2023,By Total,United States,Male,Under 1 year,284.0,40371.0,586.0,40.0,854.0
09/27/2023,01/01/2020,09/23/2023,By Total,United States,Male,0-17 years,910.0,76420.0,1601.0,282.0,2544.0
09/27/2023,01/01/2020,09/23/2023,By Total,United States,Male,1-4 years,151.0,8102.0,341.0,109.0,563.0
09/27/2023,01/01/2020,09/23/2023,By Total,United States,Male,5-14 years,261.0,12850.0,449.0,104.0,723.0
09/27/2023,01/01/2020,09/23/2023,By Total,United States,Male,15-24 years,1797.0,97748.0,1917.0,104.0,3080.0
09/27/2023,01/01/2020,09/23/2023,By Total,United States,Male,18-29 years,4301.0,168776.0,4276.0,172.0,6832.0
09/27/2023,01/01/2020,09/23/2023,By Total,United States,Male,25-34 years,7607.0,196824.0,7129.0,235.0,11354.0
09/27/2023,01/01/2020,09/23/2023,By Total,United States,Male,30-39 years,12263.0,237089.0,11180.0,323.0,17679.0
09/27/2023,01/01/2020,09/23/2023,By Total,United States,Male,35-44 years,18602.0,273868.0,16415.0,415.0,25984.0
09/27/2023,01/01/2020,09/23/2023,By Total,United States,Male,40-49 years,28930.0,326794.0,24772.0,552.0,39167.0
09/27/2023,01/01/2020,09/23/2023,By Total,United States,Male,45-54 years,45411.0,445872.0,39447.0,828.0,61374.0
09/27/2023,01/01/2020,09/23/2023,By Total,United States,Male,50-64 years,125592.0,1249590.0,120596.0,2387.0,180527.0
09/27/2023,01/01/2020,09/23/2023,By Total,United States,Male,55-64 years,97883.0,983034.0,96141.0,1881.0,142817.0
09/27/2023,01/01/2020,09/23/2023,By Total,United States,Male,65-74 years,152082.0,1450938.0,160476.0,2464.0,231668.0
09/27/2023,01/01/2020,09/23/2023,By Total,United States,Male,75-84 years,168030.0,1576934.0,179597.0,2598.0,261698.0
09/27/2023,01/01/2020,09/23/2023,By Total,United States,Male,85 years and over,137620.0,1382623.0,142992.0,2070.0,218405.0
09/27/2023,01/01/2020,09/23/2023,By Total,United States,Female,All Ages,517046.0,5834235.0,517354.0,11381.0,801575.0
09/27/2023,01/01/2020,09/23/2023,By Total,United States,Female,Under 1 year,235.0,32842.0,470.0,24.0,687.0
09/27/2023,01/01/2020,09/23/2023,By Total,United States,Female,0-17 years,786.0,54550.0,1360.0,227.0,2172.0
09/27/2023,01/01/2020,09/23/2023,By Total,United States,Female,1-4 years,134.0,6197.0,351.0,68.0,516.0
09/27/2023,01/01/2020,09/23/2023,By Total,United States,Female,5-14 years,248.0,9158.0,369.0,115.0,667.0
09/27/2023,01/01/2020,09/23/2023,By Total,United States,Female,15-24 years,1224.0,35711.0,1258.0,102.0,2053.0
09/27/2023,01/01/2020,09/23/2023,By Total,United States,Female,18-29 years,2729.0,62606.0,2762.0,157.0,4374.0
09/27/2023,01/01/2020,09/23/2023,By Total,United States,Female,25-34 years,4794.0,81856.0,4577.0,229.0,7335.0
09/27/2023,01/01/2020,09/23/2023,By Total,United States,Female,30-39 years,7623.0,110952.0,7215.0,321.0,11435.0
09/27/2023,01/01/2020,09/23/2023,By Total,United States,Female,35-44 years,11506.0,142609.0,10886.0,382.0,16920.0
09/27/2023,01/01/2020,09/23/2023,By Total,United States,Female,40-49 years,17330.0,184684.0,16333.0,450.0,25001.0
09/27/2023,01/01/2020,09/23/2023,By Total,United States,Female,45-54 years,25977.0,263650.0,25471.0,624.0,38049.0
09/27/2023,01/01/2020,09/23/2023,By Total,United States,Female,50-64 years,77479.0,781101.0,81481.0,1958.0,118093.0
09/27/2023,01/01/2020,09/23/2023,By Total,United States,Female,55-64 years,61829.0,621870.0,65769.0,1569.0,94848.0
09/27/2023,01/01/2020,09/23/2023,By Total,United States,Female,65-74 years,104724.0,1058157.0,112200.0,2212.0,162506.0
09/27/2023,01/01/2020,09/23/2023,By Total,United States,Female,75-84 years,132132.0,1457972.0,137670.0,2750.0,208378.0
09/27/2023,01/01/2020,09/23/2023,By Total,United States,Female,85 years and over,174243.0,2124213.0,158333.0,3306.0,269616.0
09/27/2023,01/01/2020,09/23/2023,By Total,Alabama,All Sexes,All Ages,21520.0,231602.0,17619.0,356.0,32038.0
09/27/2023,01/01/2020,09/23/2023,By Total,Alabama,All Sexes,30-39 years,416.0,6827.0,319.0,13.0,599.0
09/27/2023,01/01/2020,09/23/2023,By Total,Alabama,All Sexes,35-44 years,670.0,8639.0,468.0,16.0,921.0
09/27/2023,01/01/2020,09/23/2023,By Total,Alabama,All Sexes,40-49 years,1053.0,11224.0,748.0,14.0,1455.0
09/27/2023,01/01/2020,09/23/2023,By Total,Alabama,All Sexes,45-54 years,1628.0,15413.0,1114.0,23.0,2206.0
09/27/2023,01/01/2020,09/23/2023,By Total,Alabama,All Sexes,50-64 years,4563.0,43324.0,3440.0,93.0,6488.0
09/27/2023,01/01/2020,09/23/2023,By Total,Alabama,All Sexes,55-64 years,3568.0,34215.0,2780.0,76.0,5163.0
09/27/2023,01/01/2020,09/23/2023,By Total,Alabama,All Sexes,65-74 years,5481.0,51862.0,4585.0,82.0,8196.0
09/27/2023,01/01/2020,09/23/2023,By Total,Alabama,All Sexes,75-84 years,5630.0,58463.0,4914.0,84.0,8588.0
09/27/2023,01/01/2020,09/23/2023,By Total,Alabama,All Sexes,85 years and over,4216.0,52662.0,3446.0,58.0,6431.0
09/27/2023,01/01/2020,09/23/2023,By Total,Alabama,Male,All Ages,11570.0,121096.0,9582.0,194.0,17279.0
09/27/2023,01/01/2020,09/23/2023,By Total,Alabama,Male,45-54 years,915.0,9276.0,644.0,14.0,1249.0
09/27/2023,01/01/2020,09/23/2023,By Total,Alabama,Male,50-64 years,2577.0,25931.0,1894.0,53.0,3641.0
09/27/2023,01/01/2020,09/23/2023,By Total,Alabama,Male,55-64 years,2012.0,20475.0,1517.0,43.0,2889.0
09/27/2023,01/01/2020,09/23/2023,By Total,Alabama,Male,65-74 years,3158.0,29680.0,2689.0,42.0,4752.0
09/27/2023,01/01/2020,09/23/2023,By Total,Alabama,Male,75-84 years,3099.0,29480.0,2714.0,46.0,4726.0
09/27/2023,01/01/2020,09/23/2023,By Total,Alabama,Male,85 years and over,1823.0,19636.0,1576.0,30.0,2838.0
09/27/2023,01/01/2020,09/23/2023,By Total,Alabama,Female,All Ages,9950.0,110506.0,8037.0,162.0,14759.0
09/27/2023,01/01/2020,09/23/2023,By Total,Alabama,Female,50-64 years,1986.0,17393.0,1546.0,40.0,2847.0
09/27/2023,01/01/2020,09/23/2023,By Total,Alabama,Female,55-64 years,1556.0,13740.0,1263.0,33.0,2274.0
09/27/2023,01/01/2020,09/23/2023,By Total,Alabama,Female,65-74 years,2323.0,22182.0,1896.0,40.0,3444.0
09/27/2023,01/01/2020,09/23/2023,By Total,Alabama,Female,75-84 years,2531.0,28983.0,2200.0,38.0,3862.0
09/27/2023,01/01/2020,09/23/2023,By Total,Alabama,Female,85 years and over,2393.0,33026.0,1870.0,28.0,3593.0
09/27/2023,01/01/2020,09/23/2023,By Total,Alaska,All Sexes,All Ages,1492.0,20039.0,1486.0,48.0,2211.0
09/27/2023,01/01/2020,09/23/2023,By Total,Alaska,All Sexes,65-74 years,389.0,4514.0,385.0,14.0,550.0
09/27/2023,01/01/2020,09/23/2023,By Total,Alaska,All Sexes,85 years and over,249.0,3514.0,236.0,10.0,385.0
09/27/2023,01/01/2020,09/23/2023,By Total,Alaska,Male,All Ages,881.0,11631.0,870.0,26.0,1292.0
09/27/2023,01/01/2020,09/23/2023,By Total,Alaska,Female,All Ages,611.0,8408.0,616.0,22.0,919.0
09/27/2023,01/01/2020,09/23/2023,By Total,Alaska,Female,5-14 years,0.0,22.0,0.0,0.0,0.0
09/27/2023,01/01/2020,09/23/2023,By Total,Alaska,Female,25-34 years,14.0,353.0,20.0,0.0,26.0
09/27/2023,01/01/2020,09/23/2023,By Total,Alaska,Female,30-39 years,20.0,431.0,22.0,0.0,34.0
09/27/2023,01/01/2020,09/23/2023,By Total,Alaska,Female,55-64 years,76.0,1142.0,82.0,0.0,121.0
09/27/2023,01/01/2020,09/23/2023,By Total,Alaska,Female,65-74 years,152.0,1791.0,154.0,10.0,219.0
09/27/2023,01/01/2020,09/23/2023,By Total,Arizona,All Sexes,All Ages,30307.0,284393.0,30328.0,377.0,43554.0
09/27/2023,01/01/2020,09/23/2023,By Total,Arizona,All Sexes,0-17 years,48.0,3178.0,94.0,15.0,140.0
09/27/2023,01/01/2020,09/23/2023,By Total,Arizona,All Sexes,25-34 years,482.0,8054.0,429.0,10.0,674.0
09/27/2023,01/01/2020,09/23/2023,By Total,Arizona,All Sexes,30-39 years,741.0,9744.0,687.0,16.0,1038.0
09/27/2023,01/01/2020,09/23/2023,By Total,Arizona,All Sexes,35-44 years,1000.0,10839.0,900.0,25.0,1361.0
09/27/2023,01/01/2020,09/23/2023,By Total,Arizona,All Sexes,40-49 years,1484.0,12615.0,1328.0,30.0,1958.0
09/27/2023,01/01/2020,09/23/2023,By Total,Arizona,All Sexes,45-54 years,2229.0,16820.0,2017.0,35.0,2932.0
09/27/2023,01/01/2020,09/23/2023,By Total,Arizona,All Sexes,50-64 years,5898.0,45366.0,5756.0,85.0,8159.0
09/27/2023,01/01/2020,09/23/2023,By Total,Arizona,All Sexes,55-64 years,4583.0,35482.0,4569.0,62.0,6418.0
09/27/2023,01/01/2020,09/23/2023,By Total,Arizona,All Sexes,65-74 years,7300.0,58762.0,7464.0,82.0,10360.0
09/27/2023,01/01/2020,09/23/2023,By Total,Arizona,All Sexes,75-84 years,8223.0,74120.0,8457.0,77.0,12013.0
09/27/2023,01/01/2020,09/23/2023,By Total,Arizona,All Sexes,85 years and over,6334.0,73829.0,6294.0,68.0,9499.0
09/27/2023,01/01/2020,09/23/2023,By Total,Arizona,Male,All Ages,17806.0,156794.0,17661.0,194.0,25220.0
09/27/2023,01/01/2020,09/23/2023,By Total,Arizona,Male,0-17 years,27.0,1861.0,47.0,10.0,78.0
09/27/2023,01/01/2020,09/23/2023,By Total,Arizona,Male,35-44 years,624.0,7436.0,560.0,13.0,841.0
09/27/2023,01/01/2020,09/23/2023,By Total,Arizona,Male,40-49 years,935.0,8359.0,820.0,14.0,1218.0
09/27/2023,01/01/2020,09/23/2023,By Total,Arizona,Male,45-54 years,1446.0,10788.0,1273.0,17.0,1863.0
09/27/2023,01/01/2020,09/23/2023,By Total,Arizona,Male,50-64 years,3693.0,28277.0,3482.0,52.0,5010.0
09/27/2023,01/01/2020,09/23/2023,By Total,Arizona,Male,55-64 years,2827.0,22005.0,2720.0,39.0,3889.0
09/27/2023,01/01/2020,09/23/2023,By Total,Arizona,Male,65-74 years,4378.0,34435.0,4426.0,44.0,6145.0
09/27/2023,01/01/2020,09/23/2023,By Total,Arizona,Male,75-84 years,4915.0,40197.0,5004.0,32.0,7051.0
09/27/2023,01/01/2020,09/23/2023,By Total,Arizona,Male,85 years and over,3231.0,31735.0,3312.0,31.0,4840.0
09/27/2023,01/01/2020,09/23/2023,By Total,Arizona,Female,All Ages,12501.0,127599.0,12667.0,183.0,18334.0
09/27/2023,01/01/2020,09/23/2023,By Total,Arizona,Female,35-44 years,376.0,3403.0,340.0,12.0,520.0
09/27/2023,01/01/2020,09/23/2023,By Total,Arizona,Female,40-49 years,549.0,4256.0,508.0,16.0,740.0
09/27/2023,01/01/2020,09/23/2023,By Total,Arizona,Female,45-54 years,783.0,6032.0,744.0,18.0,1069.0
09/27/2023,01/01/2020,09/23/2023,By Total,Arizona,Female,50-64 years,2205.0,17089.0,2274.0,33.0,3149.0
09/27/2023,01/01/2020,09/23/2023,By Total,Arizona,Female,55-64 years,1756.0,13477.0,1849.0,23.0,2529.0
09/27/2023,01/01/2020,09/23/2023,By Total,Arizona,Female,65-74 years,2922.0,24327.0,3038.0,38.0,4215.0
09/27/2023,01/01/2020,09/23/2023,By Total,Arizona,Female,75-84 years,3308.0,33923.0,3453.0,45.0,4962.0
09/27/2023,01/01/2020,09/23/2023,By Total,Arizona,Female,85 years and over,3103.0,42094.0,2982.0,37.0,4659.0
09/27/2023,01/01/2020,09/23/2023,By Total,Arkansas,All Sexes,All Ages,12663.0,140174.0,13453.0,287.0,20323.0
09/27/2023,01/01/2020,09/23/2023,By Total,Arkansas,All Sexes,35-44 years,365.0,4888.0,326.0,14.0,549.0
09/27/2023,01/01/2020,09/23/2023,By Total,Arkansas,All Sexes,40-49 years,554.0,6363.0,525.0,17.0,822.0
09/27/2023,01/01/2020,09/23/2023,By Total,Arkansas,All Sexes,45-54 years,789.0,8832.0,782.0,21.0,1188.0
09/27/2023,01/01/2020,09/23/2023,By Total,Arkansas,All Sexes,50-64 years,2309.0,25410.0,2451.0,77.0,3606.0
09/27/2023,01/01/2020,09/23/2023,By Total,Arkansas,All Sexes,55-64 years,1846.0,20169.0,1976.0,63.0,2886.0
09/27/2023,01/01/2020,09/23/2023,By Total,Arkansas,All Sexes,65-74 years,2980.0,31094.0,3288.0,68.0,4766.0
09/27/2023,01/01/2020,09/23/2023,By Total,Arkansas,All Sexes,75-84 years,3498.0,36050.0,3816.0,56.0,5716.0
09/27/2023,01/01/2020,09/23/2023,By Total,Arkansas,All Sexes,85 years and over,2972.0,33255.0,3034.0,55.0,4863.0
09/27/2023,01/01/2020,09/23/2023,By Total,Arkansas,Male,All Ages,6763.0,73778.0,7375.0,134.0,10865.0
09/27/2023,01/01/2020,09/23/2023,By Total,Arkansas,Male,50-64 years,1370.0,15292.0,1412.0,38.0,2104.0
09/27/2023,01/01/2020,09/23/2023,By Total,Arkansas,Male,55-64 years,1071.0,12095.0,1150.0,33.0,1680.0
09/27/2023,01/01/2020,09/23/2023,By Total,Arkansas,Male,65-74 years,1693.0,17862.0,1878.0,34.0,2704.0
09/27/2023,01/01/2020,09/23/2023,By Total,Arkansas,Male,75-84 years,1929.0,18549.0,2151.0,31.0,3141.0
09/27/2023,01/01/2020,09/23/2023,By Total,Arkansas,Male,85 years and over,1264.0,12976.0,1474.0,15.0,2162.0
09/27/2023,01/01/2020,09/23/2023,By Total,Arkansas,Female,All Ages,5900.0,66396.0,6078.0,153.0,9458.0
09/27/2023,01/01/2020,09/23/2023,By Total,Arkansas,Female,45-54 years,306.0,3502.0,355.0,12.0,511.0
09/27/2023,01/01/2020,09/23/2023,By Total,Arkansas,Female,50-64 years,939.0,10118.0,1039.0,39.0,1502.0
09/27/2023,01/01/2020,09/23/2023,By Total,Arkansas,Female,55-64 years,775.0,8074.0,826.0,30.0,1206.0
09/27/2023,01/01/2020,09/23/2023,By Total,Arkansas,Female,65-74 years,1287.0,13232.0,1410.0,34.0,2062.0
09/27/2023,01/01/2020,09/23/2023,By Total,Arkansas,Female,75-84 years,1569.0,17501.0,1665.0,25.0,2575.0
09/27/2023,01/01/2020,09/23/2023,By Total,Arkansas,Female,85 years and over,1708.0,20279.0,1560.0,40.0,2701.0
09/27/2023,01/01/2020,09/23/2023,By Total,California,All Sexes,All Ages,109248.0,1178346.0,125177.0,1753.0,173938.0
09/27/2023,01/01/2020,09/23/2023,By Total,California,All Sexes,0-17 years,156.0,11428.0,267.0,40.0,420.0
09/27/2023,01/01/2020,09/23/2023,By Total,California,All Sexes,1-4 years,28.0,1209.0,68.0,16.0,106.0
09/27/2023,01/01/2020,09/23/2023,By Total,California,All Sexes,5-14 years,40.0,1971.0,76.0,15.0,120.0
09/27/2023,01/01/2020,09/23/2023,By Total,California,All Sexes,15-24 years,339.0,13508.0,348.0,20.0,552.0
09/27/2023,01/01/2020,09/23/2023,By Total,California,All Sexes,18-29 years,824.0,24470.0,844.0,39.0,1318.0
09/27/2023,01/01/2020,09/23/2023,By Total,California,All Sexes,25-34 years,1521.0,29693.0,1449.0,60.0,2299.0
09/27/2023,01/01/2020,09/23/2023,By Total,California,All Sexes,30-39 years,2374.0,35700.0,2241.0,73.0,3481.0
09/27/2023,01/01/2020,09/23/2023,By Total,California,All Sexes,35-44 years,3518.0,41530.0,3286.0,82.0,5003.0
09/27/2023,01/01/2020,09/23/2023,By Total,California,All Sexes,40-49 years,5421.0,50786.0,5021.0,95.0,7485.0
09/27/2023,01/01/2020,09/23/2023,By Total,California,All Sexes,45-54 years,8134.0,69841.0,7656.0,133.0,11229.0
09/27/2023,01/01/2020,09/23/2023,By Total,California,All Sexes,50-64 years,21951.0,190777.0,22517.0,357.0,31545.0
09/27/2023,01/01/2020,09/23/2023,By Total,California,All Sexes,55-64 years,17104.0,149144.0,17919.0,275.0,24823.0
09/27/2023,01/01/2020,09/23/2023,By Total,California,All Sexes,65-74 years,23974.0,224162.0,27923.0,323.0,37594.0
09/27/2023,01/01/2020,09/23/2023,By Total,California,All Sexes,75-84 years,26050.0,275154.0,32149.0,391.0,43300.0
09/27/2023,01/01/2020,09/23/2023,By Total,California,All Sexes,85 years and over,28498.0,365869.0,34215.0,435.0,48795.0
09/27/2023,01/01/2020,09/23/2023,By Total,California,Male,All Ages,63744.0,634847.0,71866.0,889.0,99287.0
09/27/2023,01/01/2020,09/23/2023,By Total,California,Male,0-17 years,85.0,6577.0,137.0,24.0,220.0
09/27/2023,01/01/2020,09/23/2023,By Total,California,Male,1-4 years,13.0,676.0,37.0,11.0,56.0
09/27/2023,01/01/2020,09/23/2023,By Total,California,Male,18-29 years,556.0,18476.0,557.0,17.0,873.0
09/27/2023,01/01/2020,09/23/2023,By Total,California,Male,25-34 years,1028.0,22081.0,956.0,33.0,1529.0
09/27/2023,01/01/2020,09/23/2023,By Total,California,Male,30-39 years,1633.0,25812.0,1511.0,40.0,2350.0
09/27/2023,01/01/2020,09/23/2023,By Total,California,Male,35-44 years,2397.0,28917.0,2160.0,43.0,3328.0
09/27/2023,01/01/2020,09/23/2023,By Total,California,Male,40-49 years,3695.0,33902.0,3262.0,51.0,4946.0
09/27/2023,01/01/2020,09/23/2023,By Total,California,Male,45-54 years,5650.0,45694.0,5062.0,74.0,7531.0
09/27/2023,01/01/2020,09/23/2023,By Total,California,Male,50-64 years,14733.0,122263.0,14457.0,213.0,20549.0
09/27/2023,01/01/2020,09/23/2023,By Total,California,Male,55-64 years,11343.0,95083.0,11398.0,167.0,16018.0
09/27/2023,01/01/2020,09/23/2023,By Total,California,Male,65-74 years,14985.0,132862.0,17035.0,191.0,23058.0
09/27/2023,01/01/2020,09/23/2023,By Total,California,Male,75-84 years,14897.0,145083.0,18340.0,187.0,24508.0
09/27/2023,01/01/2020,09/23/2023,By Total,California,Male,85 years and over,13160.0,149872.0,16567.0,166.0,22783.0
09/27/2023,01/01/2020,09/23/2023,By Total,California,Female,All Ages,45504.0,543499.0,53311.0,864.0,74651.0
09/27/2023,01/01/2020,09/23/2023,By Total,California,Female,0-17 years,71.0,4851.0,130.0,16.0,200.0
09/27/2023,01/01/2020,09/23/2023,By Total,California,Female,15-24 years,115.0,3472.0,122.0,13.0,202.0
09/27/2023,01/01/2020,09/23/2023,By Total,California,Female,18-29 years,268.0,5994.0,287.0,22.0,445.0
09/27/2023,01/01/2020,09/23/2023,By Total,California,Female,25-34 years,493.0,7612.0,493.0,27.0,770.0
09/27/2023,01/01/2020,09/23/2023,By Total,California,Female,30-39 years,741.0,9888.0,730.0,33.0,1131.0
09/27/2023,01/01/2020,09/23/2023,By Total,California,Female,35-44 years,1121.0,12613.0,1126.0,39.0,1675.0
09/27/2023,01/01/2020,09/23/2023,By Total,California,Female,40-49 years,1726.0,16884.0,1759.0,44.0,2539.0
09/27/2023,01/01/2020,09/23/2023,By Total,California,Female,45-54 years,2484.0,24147.0,2594.0,59.0,3698.0
09/27/2023,01/01/2020,09/23/2023,By Total,California,Female,50-64 years,7218.0,68514.0,8060.0,144.0,10996.0
09/27/2023,01/01/2020,09/23/2023,By Total,California,Female,55-64 years,5761.0,54061.0,6521.0,108.0,8805.0
09/27/2023,01/01/2020,09/23/2023,By Total,California,Female,65-74 years,8989.0,91300.0,10888.0,132.0,14536.0
09/27/2023,01/01/2020,09/23/2023,By Total,California,Female,75-84 years,11153.0,130071.0,13809.0,204.0,18792.0
09/27/2023,01/01/2020,09/23/2023,By Total,California,Female,85 years and over,15338.0,215997.0,17648.0,269.0,26012.0
09/27/2023,01/01/2020,09/23/2023,By Total,Colorado,All Sexes,All Ages,15378.0,176094.0,15215.0,394.0,23118.0
09/27/2023,01/01/2020,09/23/2023,By Total,Colorado,All Sexes,18-29 years,107.0,4653.0,110.0,10.0,185.0
09/27/2023,01/01/2020,09/23/2023,By Total,Colorado,All Sexes,30-39 years,267.0,6638.0,292.0,13.0,447.0
09/27/2023,01/01/2020,09/23/2023,By Total,Colorado,All Sexes,35-44 years,388.0,7390.0,401.0,15.0,622.0
09/27/2023,01/01/2020,09/23/2023,By Total,Colorado,All Sexes,40-49 years,623.0,8339.0,598.0,17.0,917.0
09/27/2023,01/01/2020,09/23/2023,By Total,Colorado,All Sexes,45-54 years,946.0,10650.0,886.0,29.0,1343.0
09/27/2023,01/01/2020,09/23/2023,By Total,Colorado,All Sexes,50-64 years,2582.0,28027.0,2587.0,87.0,3843.0
09/27/2023,01/01/2020,09/23/2023,By Total,Colorado,All Sexes,55-64 years,2033.0,21839.0,2066.0,69.0,3055.0
09/27/2023,01/01/2020,09/23/2023,By Total,Colorado,All Sexes,65-74 years,3361.0,34823.0,3607.0,78.0,5118.0
09/27/2023,01/01/2020,09/23/2023,By Total,Colorado,All Sexes,75-84 years,4008.0,41652.0,4141.0,71.0,6072.0
09/27/2023,01/01/2020,09/23/2023,By Total,Colorado,All Sexes,85 years and over,4399.0,49714.0,3824.0,110.0,6448.0
09/27/2023,01/01/2020,09/23/2023,By Total,Colorado,Male,All Ages,8723.0,94680.0,8801.0,177.0,12962.0
09/27/2023,01/01/2020,09/23/2023,By Total,Colorado,Male,35-44 years,265.0,5005.0,243.0,10.0,398.0
09/27/2023,01/01/2020,09/23/2023,By Total,Colorado,Male,40-49 years,414.0,5437.0,362.0,10.0,583.0
09/27/2023,01/01/2020,09/23/2023,By Total,Colorado,Male,45-54 years,630.0,6870.0,563.0,16.0,869.0
09/27/2023,01/01/2020,09/23/2023,By Total,Colorado,Male,50-64 years,1707.0,17580.0,1635.0,47.0,2457.0
09/27/2023,01/01/2020,09/23/2023,By Total,Colorado,Male,55-64 years,1341.0,13593.0,1301.0,37.0,1947.0
09/27/2023,01/01/2020,09/23/2023,By Total,Colorado,Male,65-74 years,2032.0,20337.0,2195.0,34.0,3063.0
09/27/2023,01/01/2020,09/23/2023,By Total,Colorado,Male,75-84 years,2303.0,21858.0,2430.0,26.0,3450.0
09/27/2023,01/01/2020,09/23/2023,By Total,Colorado,Male,85 years and over,1990.0,19994.0,1881.0,40.0,2938.0
09/27/2023,01/01/2020,09/23/2023,By Total,Colorado,Female,All Ages,6655.0,81414.0,6414.0,217.0,10156.0
09/27/2023,01/01/2020,09/23/2023,By Total,Colorado,Female,45-54 years,316.0,3780.0,323.0,13.0,474.0
09/27/2023,01/01/2020,09/23/2023,By Total,Colorado,Female,50-64 years,875.0,10447.0,952.0,40.0,1386.0
09/27/2023,01/01/2020,09/23/2023,By Total,Colorado,Female,55-64 years,692.0,8246.0,765.0,32.0,1108.0
09/27/2023,01/01/2020,09/23/2023,By Total,Colorado,Female,65-74 years,1329.0,14486.0,1412.0,44.0,2055.0
09/27/2023,01/01/2020,09/23/2023,By Total,Colorado,Female,75-84 years,1705.0,19794.0,1711.0,45.0,2622.0
09/27/2023,01/01/2020,09/23/2023,By Total,Colorado,Female,85 years and over,2409.0,29720.0,1943.0,70.0,3510.0
09/27/2023,01/01/2020,09/23/2023,By Total,Connecticut,All Sexes,All Ages,12571.0,130502.0,10461.0,216.0,19153.0
09/27/2023,01/01/2020,09/23/2023,By Total,Connecticut,All Sexes,45-54 years,451.0,6241.0,336.0,15.0,646.0
09/27/2023,01/01/2020,09/23/2023,By Total,Connecticut,All Sexes,50-64 years,1598.0,18812.0,1345.0,33.0,2374.0
09/27/2023,01/01/2020,09/23/2023,By Total,Connecticut,All Sexes,55-64 years,1304.0,14897.0,1111.0,24.0,1948.0
09/27/2023,01/01/2020,09/23/2023,By Total,Connecticut,All Sexes,65-74 years,2226.0,22331.0,2026.0,39.0,3465.0
09/27/2023,01/01/2020,09/23/2023,By Total,Connecticut,All Sexes,75-84 years,3244.0,31320.0,2837.0,58.0,5043.0
09/27/2023,01/01/2020,09/23/2023,By Total,Connecticut,All Sexes,85 years and over,5062.0,47875.0,3940.0,69.0,7624.0
09/27/2023,01/01/2020,09/23/2023,By Total,Connecticut,Male,All Ages,6410.0,65942.0,5628.0,94.0,9897.0
09/27/2023,01/01/2020,09/23/2023,By Total,Connecticut,Male,30-39 years,81.0,2224.0,40.0,0.0,103.0
09/27/2023,01/01/2020,09/23/2023,By Total,Connecticut,Male,50-64 years,1016.0,11809.0,804.0,14.0,1461.0
09/27/2023,01/01/2020,09/23/2023,By Total,Connecticut,Male,55-64 years,817.0,9280.0,652.0,11.0,1183.0
09/27/2023,01/01/2020,09/23/2023,By Total,Connecticut,Male,65-74 years,1326.0,12834.0,1201.0,22.0,2053.0
09/27/2023,01/01/2020,09/23/2023,By Total,Connecticut,Male,75-84 years,1735.0,15999.0,1571.0,26.0,2732.0
09/27/2023,01/01/2020,09/23/2023,By Total,Connecticut,Male,85 years and over,2052.0,18393.0,1862.0,24.0,3254.0
09/27/2023,01/01/2020,09/23/2023,By Total,Connecticut,Female,All Ages,6161.0,64560.0,4833.0,122.0,9256.0
09/27/2023,01/01/2020,09/23/2023,By Total,Connecticut,Female,35-44 years,61.0,1203.0,53.0,0.0,99.0
09/27/2023,01/01/2020,09/23/2023,By Total,Connecticut,Female,50-64 years,582.0,7003.0,541.0,19.0,913.0
09/27/2023,01/01/2020,09/23/2023,By Total,Connecticut,Female,55-64 years,487.0,5617.0,459.0,13.0,765.0
09/27/2023,01/01/2020,09/23/2023,By Total,Connecticut,Female,65-74 years,900.0,9497.0,825.0,17.0,1412.0
09/27/2023,01/01/2020,09/23/2023,By Total,Connecticut,Female,75-84 years,1509.0,15321.0,1266.0,32.0,2311.0
09/27/2023,01/01/2020,09/23/2023,By Total,Connecticut,Female,85 years and over,3010.0,29482.0,2078.0,45.0,4370.0
09/27/2023,01/01/2020,09/23/2023,By Total,Delaware,All Sexes,All Ages,3445.0,41037.0,3448.0,64.0,5269.0
09/27/2023,01/01/2020,09/23/2023,By Total,Delaware,All Sexes,65-74 years,737.0,8574.0,863.0,15.0,1193.0
09/27/2023,01/01/2020,09/23/2023,By Total,Delaware,All Sexes,75-84 years,1009.0,10759.0,1058.0,11.0,1564.0
09/27/2023,01/01/2020,09/23/2023,By Total,Delaware,All Sexes,85 years and over,1006.0,11310.0,785.0,15.0,1437.0
09/27/2023,01/01/2020,09/23/2023,By Total,Delaware,Male,All Ages,1808.0,21505.0,1821.0,32.0,2726.0
09/27/2023,01/01/2020,09/23/2023,By Total,Delaware,Male,30-39 years,28.0,768.0,26.0,0.0,40.0
09/27/2023,01/01/2020,09/23/2023,By Total,Delaware,Male,35-44 years,32.0,846.0,31.0,0.0,45.0
09/27/2023,01/01/2020,09/23/2023,By Total,Delaware,Female,All Ages,1637.0,19532.0,1627.0,32.0,2543.0
09/27/2023,01/01/2020,09/23/2023,By Total,District of Columbia,All Sexes,All Ages,2231.0,25770.0,3010.0,26.0,3587.0
09/27/2023,01/01/2020,09/23/2023,By Total,District of Columbia,All Sexes,18-29 years,15.0,803.0,25.0,0.0,29.0
09/27/2023,01/01/2020,09/23/2023,By Total,District of Columbia,All Sexes,25-34 years,33.0,989.0,45.0,0.0,52.0
09/27/2023,01/01/2020,09/23/2023,By Total,District of Columbia,Male,All Ages,1247.0,14255.0,1657.0,14.0,1975.0
09/27/2023,01/01/2020,09/23/2023,By Total,District of Columbia,Male,25-34 years,17.0,752.0,26.0,0.0,29.0
09/27/2023,01/01/2020,09/23/2023,By Total,District of Columbia,Male,75-84 years,260.0,2530.0,359.0,0.0,426.0
09/27/2023,01/01/2020,09/23/2023,By Total,District of Columbia,Female,All Ages,984.0,11515.0,1353.0,12.0,1612.0
09/27/2023,01/01/2020,09/23/2023,By Total,District of Columbia,Female,25-34 years,16.0,237.0,19.0,0.0,23.0
09/27/2023,01/01/2020,09/23/2023,By Total,District of Columbia,Female,30-39 years,29.0,345.0,29.0,0.0,37.0
09/27/2023,01/01/2020,09/23/2023,By Total,District of Columbia,Female,45-54 years,69.0,762.0,94.0,0.0,111.0
09/27/2023,01/01/2020,09/23/2023,By Total,Florida,All Sexes,All Ages,81894.0,915140.0,97245.0,1270.0,130129.0
09/27/2023,01/01/2020,09/23/2023,By Total,Florida,All Sexes,0-17 years,108.0,8388.0,206.0,31.0,303.0
09/27/2023,01/01/2020,09/23/2023,By Total,Florida,All Sexes,1-4 years,14.0,1041.0,51.0,11.0,69.0
09/27/2023,01/01/2020,09/23/2023,By Total,Florida,All Sexes,15-24 years,227.0,8246.0,254.0,13.0,370.0
09/27/2023,01/01/2020,09/23/2023,By Total,Florida,All Sexes,18-29 years,533.0,15157.0,607.0,17.0,850.0
09/27/2023,01/01/2020,09/23/2023,By Total,Florida,All Sexes,25-34 years,917.0,19117.0,1025.0,20.0,1399.0
09/27/2023,01/01/2020,09/23/2023,By Total,Florida,All Sexes,30-39 years,1464.0,24320.0,1577.0,39.0,2163.0
09/27/2023,01/01/2020,09/23/2023,By Total,Florida,All Sexes,35-44 years,2254.0,28943.0,2303.0,47.0,3178.0
09/27/2023,01/01/2020,09/23/2023,By Total,Florida,All Sexes,40-49 years,3409.0,35053.0,3408.0,59.0,4642.0
09/27/2023,01/01/2020,09/23/2023,By Total,Florida,All Sexes,45-54 years,5098.0,48466.0,5195.0,81.0,7008.0
09/27/2023,01/01/2020,09/23/2023,By Total,Florida,All Sexes,50-64 years,14195.0,142038.0,16023.0,205.0,21131.0
09/27/2023,01/01/2020,09/23/2023,By Total,Florida,All Sexes,55-64 years,11135.0,112962.0,12869.0,162.0,16879.0
09/27/2023,01/01/2020,09/23/2023,By Total,Florida,All Sexes,65-74 years,17831.0,180462.0,21910.0,279.0,28445.0
09/27/2023,01/01/2020,09/23/2023,By Total,Florida,All Sexes,75-84 years,22324.0,236463.0,27634.0,347.0,36472.0
09/27/2023,01/01/2020,09/23/2023,By Total,Florida,All Sexes,85 years and over,22030.0,273259.0,25880.0,293.0,36123.0
09/27/2023,01/01/2020,09/23/2023,By Total,Florida,Male,All Ages,46020.0,491208.0,54883.0,656.0,72522.0
09/27/2023,01/01/2020,09/23/2023,By Total,Florida,Male,0-17 years,45.0,4871.0,102.0,17.0,148.0
09/27/2023,01/01/2020,09/23/2023,By Total,Florida,Male,18-29 years,342.0,10948.0,373.0,12.0,528.0
09/27/2023,01/01/2020,09/23/2023,By Total,Florida,Male,25-34 years,569.0,13388.0,634.0,13.0,866.0
09/27/2023,01/01/2020,09/23/2023,By Total,Florida,Male,30-39 years,853.0,16361.0,923.0,19.0,1261.0
09/27/2023,01/01/2020,09/23/2023,By Total,Florida,Male,35-44 years,1363.0,18774.0,1332.0,24.0,1854.0
09/27/2023,01/01/2020,09/23/2023,By Total,Florida,Male,40-49 years,2100.0,22152.0,2007.0,34.0,2751.0
09/27/2023,01/01/2020,09/23/2023,By Total,Florida,Male,45-54 years,3192.0,30443.0,3129.0,49.0,4273.0
09/27/2023,01/01/2020,09/23/2023,By Total,Florida,Male,50-64 years,8738.0,87802.0,9569.0,110.0,12741.0
09/27/2023,01/01/2020,09/23/2023,By Total,Florida,Male,55-64 years,6794.0,69493.0,7648.0,83.0,10102.0
09/27/2023,01/01/2020,09/23/2023,By Total,Florida,Male,65-74 years,10601.0,106306.0,13054.0,151.0,16841.0
09/27/2023,01/01/2020,09/23/2023,By Total,Florida,Male,75-84 years,12881.0,128160.0,16025.0,191.0,20969.0
09/27/2023,01/01/2020,09/23/2023,By Total,Florida,Male,85 years and over,10460.0,114608.0,12830.0,122.0,17283.0
09/27/2023,01/01/2020,09/23/2023,By Total,Florida,Female,All Ages,35874.0,423932.0,42362.0,614.0,57607.0
09/27/2023,01/01/2020,09/23/2023,By Total,Florida,Female,0-17 years,63.0,3517.0,104.0,14.0,155.0
09/27/2023,01/01/2020,09/23/2023,By Total,Florida,Female,30-39 years,611.0,7959.0,654.0,20.0,902.0
09/27/2023,01/01/2020,09/23/2023,By Total,Florida,Female,35-44 years,891.0,10169.0,971.0,23.0,1324.0
09/27/2023,01/01/2020,09/23/2023,By Total,Florida,Female,40-49 years,1309.0,12901.0,1401.0,25.0,1891.0
09/27/2023,01/01/2020,09/23/2023,By Total,Florida,Female,45-54 years,1906.0,18023.0,2066.0,32.0,2735.0
09/27/2023,01/01/2020,09/23/2023,By Total,Florida,Female,50-64 years,5457.0,54236.0,6454.0,95.0,8390.0
09/27/2023,01/01/2020,09/23/2023,By Total,Florida,Female,55-64 years,4341.0,43469.0,5221.0,79.0,6777.0
09/27/2023,01/01/2020,09/23/2023,By Total,Florida,Female,65-74 years,7230.0,74156.0,8856.0,128.0,11604.0
09/27/2023,01/01/2020,09/23/2023,By Total,Florida,Female,75-84 years,9443.0,108303.0,11609.0,156.0,15503.0
09/27/2023,01/01/2020,09/23/2023,By Total,Florida,Female,85 years and over,11570.0,158651.0,13050.0,171.0,18840.0
09/27/2023,01/01/2020,09/23/2023,By Total,Georgia,All Sexes,All Ages,36499.0,384074.0,34155.0,526.0,52443.0
09/27/2023,01/01/2020,09/23/2023,By Total,Georgia,All Sexes,0-17 years,70.0,5126.0,92.0,14.0,158.0
09/27/2023,01/01/2020,09/23/2023,By Total,Georgia,All Sexes,15-24 years,141.0,5165.0,131.0,10.0,224.0
09/27/2023,01/01/2020,09/23/2023,By Total,Georgia,All Sexes,18-29 years,300.0,8518.0,265.0,14.0,459.0
09/27/2023,01/01/2020,09/23/2023,By Total,Georgia,All Sexes,25-34 years,515.0,9694.0,414.0,12.0,715.0
09/27/2023,01/01/2020,09/23/2023,By Total,Georgia,All Sexes,30-39 years,817.0,12024.0,659.0,19.0,1112.0
09/27/2023,01/01/2020,09/23/2023,By Total,Georgia,All Sexes,35-44 years,1231.0,14803.0,994.0,24.0,1652.0
09/27/2023,01/01/2020,09/23/2023,By Total,Georgia,All Sexes,40-49 years,1818.0,18905.0,1492.0,23.0,2403.0
09/27/2023,01/01/2020,09/23/2023,By Total,Georgia,All Sexes,45-54 years,2835.0,26496.0,2359.0,34.0,3734.0
09/27/2023,01/01/2020,09/23/2023,By Total,Georgia,All Sexes,50-64 years,7773.0,72969.0,7036.0,119.0,10775.0
09/27/2023,01/01/2020,09/23/2023,By Total,Georgia,All Sexes,55-64 years,5999.0,57118.0,5563.0,96.0,8444.0
09/27/2023,01/01/2020,09/23/2023,By Total,Georgia,All Sexes,65-74 years,9067.0,84613.0,8700.0,133.0,12958.0
09/27/2023,01/01/2020,09/23/2023,By Total,Georgia,All Sexes,75-84 years,9580.0,94788.0,9371.0,127.0,14035.0
09/27/2023,01/01/2020,09/23/2023,By Total,Georgia,All Sexes,85 years and over,7074.0,87131.0,6540.0,77.0,10543.0
09/27/2023,01/01/2020,09/23/2023,By Total,Georgia,Male,All Ages,19637.0,200010.0,18599.0,248.0,28184.0
09/27/2023,01/01/2020,09/23/2023,By Total,Georgia,Male,18-29 years,163.0,6155.0,150.0,10.0,258.0
09/27/2023,01/01/2020,09/23/2023,By Total,Georgia,Male,30-39 years,441.0,7864.0,353.0,11.0,601.0
09/27/2023,01/01/2020,09/23/2023,By Total,Georgia,Male,35-44 years,691.0,9265.0,546.0,14.0,912.0
09/27/2023,01/01/2020,09/23/2023,By Total,Georgia,Male,40-49 years,1053.0,11550.0,848.0,11.0,1370.0
09/27/2023,01/01/2020,09/23/2023,By Total,Georgia,Male,45-54 years,1680.0,16010.0,1376.0,18.0,2193.0
09/27/2023,01/01/2020,09/23/2023,By Total,Georgia,Male,50-64 years,4488.0,43710.0,4041.0,53.0,6191.0
09/27/2023,01/01/2020,09/23/2023,By Total,Georgia,Male,55-64 years,3428.0,34175.0,3174.0,40.0,4809.0
09/27/2023,01/01/2020,09/23/2023,By Total,Georgia,Male,65-74 years,5232.0,47434.0,5015.0,67.0,7458.0
09/27/2023,01/01/2020,09/23/2023,By Total,Georgia,Male,75-84 years,5209.0,47847.0,5179.0,58.0,7642.0
09/27/2023,01/01/2020,09/23/2023,By Total,Georgia,Male,85 years and over,3005.0,32469.0,2967.0,29.0,4575.0
09/27/2023,01/01/2020,09/23/2023,By Total,Georgia,Female,All Ages,16862.0,184064.0,15556.0,278.0,24259.0
09/27/2023,01/01/2020,09/23/2023,By Total,Georgia,Female,35-44 years,540.0,5538.0,448.0,10.0,740.0
09/27/2023,01/01/2020,09/23/2023,By Total,Georgia,Female,40-49 years,765.0,7355.0,644.0,12.0,1033.0
09/27/2023,01/01/2020,09/23/2023,By Total,Georgia,Female,45-54 years,1155.0,10486.0,983.0,16.0,1541.0
09/27/2023,01/01/2020,09/23/2023,By Total,Georgia,Female,50-64 years,3285.0,29259.0,2995.0,66.0,4584.0
09/27/2023,01/01/2020,09/23/2023,By Total,Georgia,Female,55-64 years,2571.0,22943.0,2389.0,56.0,3635.0
09/27/2023,01/01/2020,09/23/2023,By Total,Georgia,Female,65-74 years,3835.0,37179.0,3685.0,66.0,5500.0
09/27/2023,01/01/2020,09/23/2023,By Total,Georgia,Female,75-84 years,4371.0,46941.0,4192.0,69.0,6393.0
09/27/2023,01/01/2020,09/23/2023,By Total,Georgia,Female,85 years and over,4069.0,54662.0,3573.0,48.0,5968.0
09/27/2023,01/01/2020,09/23/2023,By Total,Hawaii,All Sexes,All Ages,1943.0,47252.0,3635.0,65.0,4661.0
09/27/2023,01/01/2020,09/23/2023,By Total,Hawaii,All Sexes,15-24 years,10.0,336.0,11.0,0.0,19.0
09/27/2023,01/01/2020,09/23/2023,By Total,Hawaii,All Sexes,18-29 years,20.0,577.0,21.0,0.0,34.0
09/27/2023,01/01/2020,09/23/2023,By Total,Hawaii,All Sexes,25-34 years,28.0,744.0,32.0,0.0,48.0
09/27/2023,01/01/2020,09/23/2023,By Total,Hawaii,All Sexes,50-64 years,396.0,7079.0,503.0,12.0,702.0
09/27/2023,01/01/2020,09/23/2023,By Total,Hawaii,All Sexes,55-64 years,308.0,5524.0,402.0,11.0,560.0
09/27/2023,01/01/2020,09/23/2023,By Total,Hawaii,All Sexes,65-74 years,419.0,9174.0,705.0,11.0,905.0
09/27/2023,01/01/2020,09/23/2023,By Total,Hawaii,All Sexes,75-84 years,385.0,10562.0,854.0,14.0,1048.0
09/27/2023,01/01/2020,09/23/2023,By Total,Hawaii,All Sexes,85 years and over,557.0,16609.0,1363.0,20.0,1690.0
09/27/2023,01/01/2020,09/23/2023,By Total,Hawaii,Male,All Ages,1149.0,25529.0,2085.0,35.0,2661.0
09/27/2023,01/01/2020,09/23/2023,By Total,Hawaii,Male,18-29 years,15.0,424.0,14.0,0.0,25.0
09/27/2023,01/01/2020,09/23/2023,By Total,Hawaii,Male,25-34 years,17.0,538.0,25.0,0.0,34.0
09/27/2023,01/01/2020,09/23/2023,By Total,Hawaii,Male,30-39 years,32.0,725.0,37.0,0.0,52.0
09/27/2023,01/01/2020,09/23/2023,By Total,Hawaii,Male,75-84 years,235.0,5962.0,529.0,10.0,646.0
09/27/2023,01/01/2020,09/23/2023,By Total,Hawaii,Female,All Ages,794.0,21723.0,1550.0,30.0,2000.0
09/27/2023,01/01/2020,09/23/2023,By Total,Hawaii,Female,40-49 years,39.0,582.0,36.0,0.0,57.0
09/27/2023,01/01/2020,09/23/2023,By Total,Hawaii,Female,45-54 years,40.0,875.0,53.0,0.0,74.0
09/27/2023,01/01/2020,09/23/2023,By Total,Hawaii,Female,85 years and over,290.0,9997.0,712.0,12.0,901.0
09/27/2023,01/01/2020,09/23/2023,By Total,Idaho,All Sexes,All Ages,5610.0,63400.0,4963.0,143.0,7878.0
09/27/2023,01/01/2020,09/23/2023,By Total,Idaho,All Sexes,50-64 years,904.0,9153.0,786.0,20.0,1219.0
09/27/2023,01/01/2020,09/23/2023,By Total,Idaho,All Sexes,55-64 years,701.0,7322.0,606.0,20.0,959.0
09/27/2023,01/01/2020,09/23/2023,By Total,Idaho,All Sexes,65-74 years,1290.0,13012.0,1192.0,30.0,1772.0
09/27/2023,01/01/2020,09/23/2023,By Total,Idaho,All Sexes,75-84 years,1582.0,17096.0,1476.0,42.0,2269.0
09/27/2023,01/01/2020,09/23/2023,By Total,Idaho,All Sexes,85 years and over,1543.0,18451.0,1273.0,40.0,2223.0
09/27/2023,01/01/2020,09/23/2023,By Total,Idaho,Male,All Ages,3266.0,33882.0,2805.0,76.0,4459.0
09/27/2023,01/01/2020,09/23/2023,By Total,Idaho,Male,18-29 years,17.0,843.0,14.0,0.0,25.0
09/27/2023,01/01/2020,09/23/2023,By Total,Idaho,Male,25-34 years,24.0,876.0,15.0,0.0,29.0
09/27/2023,01/01/2020,09/23/2023,By Total,Idaho,Male,50-64 years,587.0,5533.0,478.0,12.0,762.0
09/27/2023,01/01/2020,09/23/2023,By Total,Idaho,Male,55-64 years,454.0,4385.0,359.0,12.0,595.0
09/27/2023,01/01/2020,09/23/2023,By Total,Idaho,Male,65-74 years,768.0,7568.0,678.0,18.0,1043.0
09/27/2023,01/01/2020,09/23/2023,By Total,Idaho,Male,75-84 years,971.0,9304.0,896.0,25.0,1376.0
09/27/2023,01/01/2020,09/23/2023,By Total,Idaho,Male,85 years and over,762.0,7728.0,621.0,14.0,1045.0
09/27/2023,01/01/2020,09/23/2023,By Total,Idaho,Female,All Ages,2344.0,29518.0,2158.0,67.0,3419.0
09/27/2023,01/01/2020,09/23/2023,By Total,Idaho,Female,Under 1 year,0.0,161.0,0.0,0.0,0.0
09/27/2023,01/01/2020,09/23/2023,By Total,Idaho,Female,35-44 years,56.0,675.0,47.0,0.0,75.0
09/27/2023,01/01/2020,09/23/2023,By Total,Idaho,Female,65-74 years,522.0,5444.0,514.0,12.0,729.0
09/27/2023,01/01/2020,09/23/2023,By Total,Idaho,Female,75-84 years,611.0,7792.0,580.0,17.0,893.0
09/27/2023,01/01/2020,09/23/2023,By Total,Idaho,Female,85 years and over,781.0,10723.0,652.0,26.0,1178.0
09/27/2023,01/01/2020,09/23/2023,By Total,Illinois,All Sexes,All Ages,38724.0,446027.0,40434.0,596.0,59835.0
09/27/2023,01/01/2020,09/23/2023,By Total,Illinois,All Sexes,0-17 years,41.0,4514.0,112.0,14.0,152.0
09/27/2023,01/01/2020,09/23/2023,By Total,Illinois,All Sexes,25-34 years,381.0,9518.0,337.0,12.0,563.0
09/27/2023,01/01/2020,09/23/2023,By Total,Illinois,All Sexes,30-39 years,597.0,11470.0,535.0,15.0,864.0
09/27/2023,01/01/2020,09/23/2023,By Total,Illinois,All Sexes,35-44 years,867.0,13668.0,759.0,18.0,1233.0
09/27/2023,01/01/2020,09/23/2023,By Total,Illinois,All Sexes,40-49 years,1355.0,17251.0,1153.0,20.0,1875.0
09/27/2023,01/01/2020,09/23/2023,By Total,Illinois,All Sexes,45-54 years,2079.0,24506.0,1938.0,24.0,2953.0
09/27/2023,01/01/2020,09/23/2023,By Total,Illinois,All Sexes,50-64 years,6139.0,71744.0,6372.0,101.0,9188.0
09/27/2023,01/01/2020,09/23/2023,By Total,Illinois,All Sexes,55-64 years,4903.0,57061.0,5159.0,87.0,7387.0
09/27/2023,01/01/2020,09/23/2023,By Total,Illinois,All Sexes,65-74 years,8325.0,89073.0,9046.0,103.0,12782.0
09/27/2023,01/01/2020,09/23/2023,By Total,Illinois,All Sexes,75-84 years,10039.0,108151.0,11192.0,144.0,15915.0
09/27/2023,01/01/2020,09/23/2023,By Total,Illinois,All Sexes,85 years and over,12017.0,135471.0,11806.0,192.0,18725.0
09/27/2023,01/01/2020,09/23/2023,By Total,Illinois,Male,All Ages,21191.0,231260.0,22124.0,261.0,32188.0
09/27/2023,01/01/2020,09/23/2023,By Total,Illinois,Male,40-49 years,909.0,11230.0,711.0,12.0,1195.0
09/27/2023,01/01/2020,09/23/2023,By Total,Illinois,Male,45-54 years,1369.0,15758.0,1195.0,15.0,1870.0
09/27/2023,01/01/2020,09/23/2023,By Total,Illinois,Male,50-64 years,3892.0,44726.0,3877.0,52.0,5669.0
09/27/2023,01/01/2020,09/23/2023,By Total,Illinois,Male,55-64 years,3092.0,35332.0,3129.0,44.0,4529.0
09/27/2023,01/01/2020,09/23/2023,By Total,Illinois,Male,65-74 years,5027.0,51292.0,5364.0,58.0,7619.0
09/27/2023,01/01/2020,09/23/2023,By Total,Illinois,Male,75-84 years,5624.0,55202.0,6259.0,61.0,8777.0
09/27/2023,01/01/2020,09/23/2023,By Total,Illinois,Male,85 years and over,5204.0,51917.0,5384.0,59.0,8096.0
09/27/2023,01/01/2020,09/23/2023,By Total,Illinois,Female,All Ages,17533.0,214767.0,18310.0,335.0,27647.0
09/27/2023,01/01/2020,09/23/2023,By Total,Illinois,Female,50-64 years,2247.0,27018.0,2495.0,49.0,3519.0
09/27/2023,01/01/2020,09/23/2023,By Total,Illinois,Female,55-64 years,1811.0,21729.0,2030.0,43.0,2858.0
09/27/2023,01/01/2020,09/23/2023,By Total,Illinois,Female,65-74 years,3298.0,37781.0,3682.0,45.0,5163.0
09/27/2023,01/01/2020,09/23/2023,By Total,Illinois,Female,75-84 years,4415.0,52949.0,4933.0,83.0,7138.0
09/27/2023,01/01/2020,09/23/2023,By Total,Illinois,Female,85 years and over,6813.0,83554.0,6422.0,133.0,10629.0
09/27/2023,01/01/2020,09/23/2023,By Total,Indiana,All Sexes,All Ages,26885.0,282262.0,28183.0,517.0,41596.0
09/27/2023,01/01/2020,09/23/2023,By Total,Indiana,All Sexes,0-17 years,53.0,3268.0,82.0,13.0,132.0
09/27/2023,01/01/2020,09/23/2023,By Total,Indiana,All Sexes,30-39 years,331.0,7740.0,357.0,11.0,525.0
09/27/2023,01/01/2020,09/23/2023,By Total,Indiana,All Sexes,35-44 years,515.0,9195.0,570.0,17.0,803.0
09/27/2023,01/01/2020,09/23/2023,By Total,Indiana,All Sexes,40-49 years,865.0,11726.0,951.0,20.0,1310.0
09/27/2023,01/01/2020,09/23/2023,By Total,Indiana,All Sexes,45-54 years,1379.0,16353.0,1487.0,32.0,2072.0
09/27/2023,01/01/2020,09/23/2023,By Total,Indiana,All Sexes,50-64 years,4347.0,47501.0,5046.0,99.0,6861.0
09/27/2023,01/01/2020,09/23/2023,By Total,Indiana,All Sexes,55-64 years,3506.0,37797.0,4138.0,78.0,5595.0
09/27/2023,01/01/2020,09/23/2023,By Total,Indiana,All Sexes,65-74 years,6033.0,59671.0,6927.0,109.0,9535.0
09/27/2023,01/01/2020,09/23/2023,By Total,Indiana,All Sexes,75-84 years,7349.0,70402.0,7809.0,141.0,11397.0
09/27/2023,01/01/2020,09/23/2023,By Total,Indiana,All Sexes,85 years and over,7787.0,76372.0,6860.0,119.0,11623.0
09/27/2023,01/01/2020,09/23/2023,By Total,Indiana,Male,All Ages,14234.0,146404.0,15331.0,225.0,21845.0
09/27/2023,01/01/2020,09/23/2023,By Total,Indiana,Male,15-24 years,37.0,2397.0,46.0,0.0,66.0
09/27/2023,01/01/2020,09/23/2023,By Total,Indiana,Male,40-49 years,547.0,7419.0,571.0,13.0,803.0
09/27/2023,01/01/2020,09/23/2023,By Total,Indiana,Male,45-54 years,840.0,10195.0,861.0,15.0,1211.0
09/27/2023,01/01/2020,09/23/2023,By Total,Indiana,Male,50-64 years,2577.0,28815.0,2833.0,41.0,3907.0
09/27/2023,01/01/2020,09/23/2023,By Total,Indiana,Male,55-64 years,2086.0,22814.0,2329.0,34.0,3205.0
09/27/2023,01/01/2020,09/23/2023,By Total,Indiana,Male,65-74 years,3499.0,34032.0,4018.0,56.0,5476.0
09/27/2023,01/01/2020,09/23/2023,By Total,Indiana,Male,75-84 years,4024.0,35832.0,4379.0,64.0,6197.0
09/27/2023,01/01/2020,09/23/2023,By Total,Indiana,Male,85 years and over,3296.0,29196.0,3182.0,42.0,4965.0
09/27/2023,01/01/2020,09/23/2023,By Total,Indiana,Female,All Ages,12651.0,135858.0,12852.0,292.0,19751.0
09/27/2023,01/01/2020,09/23/2023,By Total,Indiana,Female,35-44 years,209.0,3258.0,239.0,10.0,339.0
09/27/2023,01/01/2020,09/23/2023,By Total,Indiana,Female,45-54 years,539.0,6158.0,626.0,17.0,861.0
09/27/2023,01/01/2020,09/23/2023,By Total,Indiana,Female,50-64 years,1770.0,18686.0,2213.0,58.0,2954.0
09/27/2023,01/01/2020,09/23/2023,By Total,Indiana,Female,55-64 years,1420.0,14983.0,1809.0,44.0,2390.0
09/27/2023,01/01/2020,09/23/2023,By Total,Indiana,Female,65-74 years,2534.0,25639.0,2909.0,53.0,4059.0
09/27/2023,01/01/2020,09/23/2023,By Total,Indiana,Female,75-84 years,3325.0,34570.0,3430.0,77.0,5200.0
09/27/2023,01/01/2020,09/23/2023,By Total,Indiana,Female,85 years and over,4491.0,47176.0,3678.0,77.0,6658.0
09/27/2023,01/01/2020,09/23/2023,By Total,Iowa,All Sexes,All Ages,11026.0,125759.0,9920.0,316.0,17181.0
09/27/2023,01/01/2020,09/23/2023,By Total,Iowa,All Sexes,45-54 years,464.0,5698.0,394.0,17.0,674.0
09/27/2023,01/01/2020,09/23/2023,By Total,Iowa,All Sexes,50-64 years,1511.0,17755.0,1403.0,43.0,2299.0
09/27/2023,01/01/2020,09/23/2023,By Total,Iowa,All Sexes,55-64 years,1216.0,14250.0,1142.0,30.0,1856.0
09/27/2023,01/01/2020,09/23/2023,By Total,Iowa,All Sexes,65-74 years,2075.0,24496.0,2079.0,56.0,3294.0
09/27/2023,01/01/2020,09/23/2023,By Total,Iowa,All Sexes,75-84 years,2926.0,31500.0,2666.0,81.0,4569.0
09/27/2023,01/01/2020,09/23/2023,By Total,Iowa,All Sexes,85 years and over,4068.0,43246.0,3404.0,116.0,6355.0
09/27/2023,01/01/2020,09/23/2023,By Total,Iowa,Male,All Ages,5891.0,64521.0,5396.0,139.0,9082.0
09/27/2023,01/01/2020,09/23/2023,By Total,Iowa,Male,45-54 years,284.0,3594.0,241.0,10.0,410.0
09/27/2023,01/01/2020,09/23/2023,By Total,Iowa,Male,50-64 years,944.0,11031.0,838.0,23.0,1389.0
09/27/2023,01/01/2020,09/23/2023,By Total,Iowa,Male,55-64 years,755.0,8811.0,677.0,15.0,1110.0
09/27/2023,01/01/2020,09/23/2023,By Total,Iowa,Male,65-74 years,1219.0,14371.0,1227.0,28.0,1938.0
09/27/2023,01/01/2020,09/23/2023,By Total,Iowa,Male,75-84 years,1691.0,16561.0,1520.0,40.0,2589.0
09/27/2023,01/01/2020,09/23/2023,By Total,Iowa,Male,85 years and over,1788.0,16782.0,1602.0,39.0,2800.0
09/27/2023,01/01/2020,09/23/2023,By Total,Iowa,Female,All Ages,5135.0,61238.0,4524.0,177.0,8099.0
09/27/2023,01/01/2020,09/23/2023,By Total,Iowa,Female,50-64 years,567.0,6724.0,565.0,20.0,910.0
09/27/2023,01/01/2020,09/23/2023,By Total,Iowa,Female,55-64 years,461.0,5439.0,465.0,15.0,746.0
09/27/2023,01/01/2020,09/23/2023,By Total,Iowa,Female,65-74 years,856.0,10125.0,852.0,28.0,1356.0
09/27/2023,01/01/2020,09/23/2023,By Total,Iowa,Female,75-84 years,1235.0,14939.0,1146.0,41.0,1980.0
09/27/2023,01/01/2020,09/23/2023,By Total,Iowa,Female,85 years and over,2280.0,26464.0,1802.0,77.0,3555.0
09/27/2023,01/01/2020,09/23/2023,By Total,Kansas,All Sexes,All Ages,10152.0,112874.0,9512.0,309.0,15468.0
09/27/2023,01/01/2020,09/23/2023,By Total,Kansas,All Sexes,40-49 years,395.0,4237.0,287.0,15.0,525.0
09/27/2023,01/01/2020,09/23/2023,By Total,Kansas,All Sexes,45-54 years,565.0,5578.0,464.0,15.0,779.0
09/27/2023,01/01/2020,09/23/2023,By Total,Kansas,All Sexes,50-64 years,1606.0,17198.0,1503.0,48.0,2336.0
09/27/2023,01/01/2020,09/23/2023,By Total,Kansas,All Sexes,55-64 years,1283.0,13903.0,1210.0,43.0,1880.0
09/27/2023,01/01/2020,09/23/2023,By Total,Kansas,All Sexes,65-74 years,2136.0,22752.0,2146.0,62.0,3285.0
09/27/2023,01/01/2020,09/23/2023,By Total,Kansas,All Sexes,75-84 years,2664.0,27558.0,2582.0,79.0,4095.0
09/27/2023,01/01/2020,09/23/2023,By Total,Kansas,All Sexes,85 years and over,3137.0,35083.0,2787.0,91.0,4888.0
09/27/2023,01/01/2020,09/23/2023,By Total,Kansas,Male,All Ages,5553.0,58579.0,5178.0,136.0,8277.0
09/27/2023,01/01/2020,09/23/2023,By Total,Kansas,Male,50-64 years,961.0,10360.0,850.0,23.0,1351.0
09/27/2023,01/01/2020,09/23/2023,By Total,Kansas,Male,55-64 years,758.0,8343.0,687.0,20.0,1081.0
09/27/2023,01/01/2020,09/23/2023,By Total,Kansas,Male,65-74 years,1232.0,13245.0,1247.0,28.0,1882.0
09/27/2023,01/01/2020,09/23/2023,By Total,Kansas,Male,75-84 years,1572.0,14361.0,1466.0,35.0,2315.0
09/27/2023,01/01/2020,09/23/2023,By Total,Kansas,Male,85 years and over,1411.0,13865.0,1310.0,35.0,2200.0
09/27/2023,01/01/2020,09/23/2023,By Total,Kansas,Female,All Ages,4599.0,54295.0,4334.0,173.0,7191.0
09/27/2023,01/01/2020,09/23/2023,By Total,Kansas,Female,50-64 years,645.0,6838.0,653.0,25.0,985.0
09/27/2023,01/01/2020,09/23/2023,By Total,Kansas,Female,55-64 years,525.0,5560.0,523.0,23.0,799.0
09/27/2023,01/01/2020,09/23/2023,By Total,Kansas,Female,65-74 years,904.0,9507.0,899.0,34.0,1403.0
09/27/2023,01/01/2020,09/23/2023,By Total,Kansas,Female,75-84 years,1092.0,13197.0,1116.0,44.0,1780.0
09/27/2023,01/01/2020,09/23/2023,By Total,Kansas,Female,85 years and over,1726.0,21218.0,1477.0,56.0,2688.0
09/27/2023,01/01/2020,09/23/2023,By Total,Kentucky,All Sexes,All Ages,20274.0,209080.0,23589.0,511.0,34045.0
09/27/2023,01/01/2020,09/23/2023,By Total,Kentucky,All Sexes,35-44 years,457.0,8354.0,538.0,13.0,762.0
09/27/2023,01/01/2020,09/23/2023,By Total,Kentucky,All Sexes,40-49 years,708.0,10443.0,818.0,22.0,1160.0
09/27/2023,01/01/2020,09/23/2023,By Total,Kentucky,All Sexes,45-54 years,1201.0,14356.0,1341.0,25.0,1915.0
09/27/2023,01/01/2020,09/23/2023,By Total,Kentucky,All Sexes,50-64 years,3646.0,40147.0,4487.0,107.0,6185.0
09/27/2023,01/01/2020,09/23/2023,By Total,Kentucky,All Sexes,55-64 years,2864.0,31568.0,3626.0,94.0,4952.0
09/27/2023,01/01/2020,09/23/2023,By Total,Kentucky,All Sexes,65-74 years,4897.0,46817.0,6151.0,121.0,8379.0
09/27/2023,01/01/2020,09/23/2023,By Total,Kentucky,All Sexes,75-84 years,5642.0,52328.0,6773.0,122.0,9598.0
09/27/2023,01/01/2020,09/23/2023,By Total,Kentucky,All Sexes,85 years and over,4981.0,47000.0,4917.0,115.0,8034.0
09/27/2023,01/01/2020,09/23/2023,By Total,Kentucky,Male,All Ages,10510.0,109199.0,12552.0,241.0,17667.0
09/27/2023,01/01/2020,09/23/2023,By Total,Kentucky,Male,40-49 years,417.0,6497.0,450.0,12.0,659.0
09/27/2023,01/01/2020,09/23/2023,By Total,Kentucky,Male,45-54 years,715.0,8806.0,751.0,13.0,1102.0
09/27/2023,01/01/2020,09/23/2023,By Total,Kentucky,Male,50-64 years,2104.0,24021.0,2506.0,49.0,3493.0
09/27/2023,01/01/2020,09/23/2023,By Total,Kentucky,Male,55-64 years,1647.0,18783.0,2026.0,42.0,2789.0
09/27/2023,01/01/2020,09/23/2023,By Total,Kentucky,Male,65-74 years,2783.0,26322.0,3471.0,59.0,4713.0
09/27/2023,01/01/2020,09/23/2023,By Total,Kentucky,Male,75-84 years,2966.0,26322.0,3644.0,57.0,5051.0
09/27/2023,01/01/2020,09/23/2023,By Total,Kentucky,Male,85 years and over,2003.0,17833.0,2225.0,50.0,3350.0
09/27/2023,01/01/2020,09/23/2023,By Total,Kentucky,Female,All Ages,9764.0,99881.0,11037.0,270.0,16378.0
09/27/2023,01/01/2020,09/23/2023,By Total,Kentucky,Female,40-49 years,291.0,3946.0,368.0,10.0,501.0
09/27/2023,01/01/2020,09/23/2023,By Total,Kentucky,Female,45-54 years,486.0,5550.0,590.0,12.0,813.0
09/27/2023,01/01/2020,09/23/2023,By Total,Kentucky,Female,50-64 years,1542.0,16126.0,1981.0,58.0,2692.0
09/27/2023,01/01/2020,09/23/2023,By Total,Kentucky,Female,55-64 years,1217.0,12785.0,1600.0,52.0,2163.0
09/27/2023,01/01/2020,09/23/2023,By Total,Kentucky,Female,65-74 years,2114.0,20495.0,2680.0,62.0,3666.0
09/27/2023,01/01/2020,09/23/2023,By Total,Kentucky,Female,75-84 years,2676.0,26006.0,3129.0,65.0,4547.0
09/27/2023,01/01/2020,09/23/2023,By Total,Kentucky,Female,85 years and over,2978.0,29167.0,2692.0,65.0,4684.0
09/27/2023,01/01/2020,09/23/2023,By Total,Louisiana,All Sexes,All Ages,17722.0,199509.0,15749.0,227.0,24800.0
09/27/2023,01/01/2020,09/23/2023,By Total,Louisiana,All Sexes,30-39 years,380.0,7195.0,312.0,10.0,513.0
09/27/2023,01/01/2020,09/23/2023,By Total,Louisiana,All Sexes,35-44 years,572.0,8797.0,460.0,10.0,750.0
09/27/2023,01/01/2020,09/23/2023,By Total,Louisiana,All Sexes,40-49 years,836.0,10402.0,606.0,13.0,1051.0
09/27/2023,01/01/2020,09/23/2023,By Total,Louisiana,All Sexes,45-54 years,1253.0,13464.0,968.0,25.0,1608.0
09/27/2023,01/01/2020,09/23/2023,By Total,Louisiana,All Sexes,50-64 years,3563.0,37924.0,3140.0,59.0,4862.0
09/27/2023,01/01/2020,09/23/2023,By Total,Louisiana,All Sexes,55-64 years,2795.0,30023.0,2500.0,44.0,3848.0
09/27/2023,01/01/2020,09/23/2023,By Total,Louisiana,All Sexes,65-74 years,4383.0,44003.0,4003.0,51.0,6084.0
09/27/2023,01/01/2020,09/23/2023,By Total,Louisiana,All Sexes,75-84 years,4683.0,47442.0,4202.0,46.0,6584.0
09/27/2023,01/01/2020,09/23/2023,By Total,Louisiana,All Sexes,85 years and over,3691.0,44998.0,3271.0,36.0,5371.0
09/27/2023,01/01/2020,09/23/2023,By Total,Louisiana,Male,All Ages,9587.0,106310.0,8541.0,109.0,13331.0
09/27/2023,01/01/2020,09/23/2023,By Total,Louisiana,Male,50-64 years,2074.0,23079.0,1792.0,28.0,2792.0
09/27/2023,01/01/2020,09/23/2023,By Total,Louisiana,Male,55-64 years,1610.0,18128.0,1434.0,23.0,2211.0
09/27/2023,01/01/2020,09/23/2023,By Total,Louisiana,Male,65-74 years,2569.0,25298.0,2360.0,33.0,3573.0
09/27/2023,01/01/2020,09/23/2023,By Total,Louisiana,Male,75-84 years,2532.0,24194.0,2294.0,21.0,3563.0
09/27/2023,01/01/2020,09/23/2023,By Total,Louisiana,Male,85 years and over,1611.0,17117.0,1470.0,15.0,2330.0
09/27/2023,01/01/2020,09/23/2023,By Total,Louisiana,Female,All Ages,8135.0,93199.0,7208.0,118.0,11469.0
09/27/2023,01/01/2020,09/23/2023,By Total,Louisiana,Female,40-49 years,345.0,3732.0,259.0,10.0,443.0
09/27/2023,01/01/2020,09/23/2023,By Total,Louisiana,Female,45-54 years,500.0,4968.0,422.0,18.0,681.0
09/27/2023,01/01/2020,09/23/2023,By Total,Louisiana,Female,50-64 years,1489.0,14845.0,1348.0,31.0,2070.0
09/27/2023,01/01/2020,09/23/2023,By Total,Louisiana,Female,55-64 years,1185.0,11895.0,1066.0,21.0,1637.0
09/27/2023,01/01/2020,09/23/2023,By Total,Louisiana,Female,65-74 years,1814.0,18705.0,1643.0,18.0,2511.0
09/27/2023,01/01/2020,09/23/2023,By Total,Louisiana,Female,75-84 years,2151.0,23248.0,1908.0,25.0,3021.0
09/27/2023,01/01/2020,09/23/2023,By Total,Louisiana,Female,85 years and over,2080.0,27881.0,1801.0,21.0,3041.0
09/27/2023,01/01/2020,09/23/2023,By Total,Maine,All Sexes,All Ages,3235.0,61645.0,4231.0,137.0,6727.0
09/27/2023,01/01/2020,09/23/2023,By Total,Maine,All Sexes,50-64 years,453.0,9270.0,566.0,14.0,899.0
09/27/2023,01/01/2020,09/23/2023,By Total,Maine,All Sexes,55-64 years,371.0,7424.0,467.0,11.0,738.0
09/27/2023,01/01/2020,09/23/2023,By Total,Maine,All Sexes,65-74 years,654.0,12232.0,893.0,19.0,1342.0
09/27/2023,01/01/2020,09/23/2023,By Total,Maine,All Sexes,75-84 years,958.0,15983.0,1257.0,39.0,1989.0
09/27/2023,01/01/2020,09/23/2023,By Total,Maine,All Sexes,85 years and over,1038.0,19401.0,1382.0,52.0,2257.0
09/27/2023,01/01/2020,09/23/2023,By Total,Maine,Male,All Ages,1688.0,32356.0,2434.0,62.0,3678.0
09/27/2023,01/01/2020,09/23/2023,By Total,Maine,Male,Under 1 year,0.0,131.0,0.0,0.0,0.0
09/27/2023,01/01/2020,09/23/2023,By Total,Maine,Male,65-74 years,401.0,7168.0,552.0,10.0,818.0
09/27/2023,01/01/2020,09/23/2023,By Total,Maine,Male,75-84 years,511.0,8338.0,746.0,21.0,1116.0
09/27/2023,01/01/2020,09/23/2023,By Total,Maine,Male,85 years and over,405.0,7686.0,725.0,15.0,1046.0
09/27/2023,01/01/2020,09/23/2023,By Total,Maine,Female,All Ages,1547.0,29289.0,1797.0,75.0,3049.0
09/27/2023,01/01/2020,09/23/2023,By Total,Maine,Female,75-84 years,447.0,7645.0,511.0,18.0,873.0
09/27/2023,01/01/2020,09/23/2023,By Total,Maine,Female,85 years and over,633.0,11715.0,657.0,37.0,1211.0
09/27/2023,01/01/2020,09/23/2023,By Total,Maryland,All Sexes,All Ages,18143.0,209247.0,18402.0,327.0,29572.0
09/27/2023,01/01/2020,09/23/2023,By Total,Maryland,All Sexes,Under 1 year,10.0,1280.0,13.0,0.0,23.0
09/27/2023,01/01/2020,09/23/2023,By Total,Maryland,All Sexes,30-39 years,278.0,6385.0,265.0,12.0,453.0
09/27/2023,01/01/2020,09/23/2023,By Total,Maryland,All Sexes,40-49 years,648.0,8593.0,539.0,12.0,948.0
09/27/2023,01/01/2020,09/23/2023,By Total,Maryland,All Sexes,45-54 years,1027.0,11846.0,860.0,20.0,1482.0
09/27/2023,01/01/2020,09/23/2023,By Total,Maryland,All Sexes,50-64 years,2991.0,34793.0,2847.0,62.0,4604.0
09/27/2023,01/01/2020,09/23/2023,By Total,Maryland,All Sexes,55-64 years,2348.0,27577.0,2284.0,50.0,3657.0
09/27/2023,01/01/2020,09/23/2023,By Total,Maryland,All Sexes,65-74 years,3838.0,41207.0,4058.0,56.0,6288.0
09/27/2023,01/01/2020,09/23/2023,By Total,Maryland,All Sexes,75-84 years,4799.0,50574.0,5105.0,81.0,7971.0
09/27/2023,01/01/2020,09/23/2023,By Total,Maryland,All Sexes,85 years and over,5459.0,61381.0,5446.0,95.0,9063.0
09/27/2023,01/01/2020,09/23/2023,By Total,Maryland,Male,All Ages,9534.0,107474.0,9876.0,151.0,15596.0
09/27/2023,01/01/2020,09/23/2023,By Total,Maryland,Male,45-54 years,648.0,7440.0,524.0,13.0,915.0
09/27/2023,01/01/2020,09/23/2023,By Total,Maryland,Male,50-64 years,1803.0,20994.0,1675.0,32.0,2723.0
09/27/2023,01/01/2020,09/23/2023,By Total,Maryland,Male,55-64 years,1394.0,16515.0,1321.0,25.0,2137.0
09/27/2023,01/01/2020,09/23/2023,By Total,Maryland,Male,65-74 years,2151.0,23148.0,2293.0,20.0,3534.0
09/27/2023,01/01/2020,09/23/2023,By Total,Maryland,Male,75-84 years,2576.0,25467.0,2841.0,38.0,4361.0
09/27/2023,01/01/2020,09/23/2023,By Total,Maryland,Male,85 years and over,2345.0,23669.0,2515.0,40.0,3985.0
09/27/2023,01/01/2020,09/23/2023,By Total,Maryland,Female,All Ages,8609.0,101773.0,8526.0,176.0,13976.0
09/27/2023,01/01/2020,09/23/2023,By Total,Maryland,Female,15-24 years,20.0,528.0,19.0,0.0,32.0
09/27/2023,01/01/2020,09/23/2023,By Total,Maryland,Female,18-29 years,38.0,1069.0,48.0,0.0,74.0
09/27/2023,01/01/2020,09/23/2023,By Total,Maryland,Female,50-64 years,1188.0,13799.0,1172.0,30.0,1881.0
09/27/2023,01/01/2020,09/23/2023,By Total,Maryland,Female,55-64 years,954.0,11062.0,963.0,25.0,1520.0
09/27/2023,01/01/2020,09/23/2023,By Total,Maryland,Female,65-74 years,1687.0,18059.0,1765.0,36.0,2754.0
09/27/2023,01/01/2020,09/23/2023,By Total,Maryland,Female,75-84 years,2223.0,25107.0,2264.0,43.0,3610.0
09/27/2023,01/01/2020,09/23/2023,By Total,Maryland,Female,85 years and over,3114.0,37712.0,2931.0,55.0,5078.0
09/27/2023,01/01/2020,09/23/2023,By Total,Massachusetts,All Sexes,All Ages,21286.0,240422.0,20840.0,557.0,33945.0
09/27/2023,01/01/2020,09/23/2023,By Total,Massachusetts,All Sexes,30-39 years,175.0,5806.0,181.0,14.0,298.0
09/27/2023,01/01/2020,09/23/2023,By Total,Massachusetts,All Sexes,35-44 years,243.0,6761.0,258.0,12.0,423.0
09/27/2023,01/01/2020,09/23/2023,By Total,Massachusetts,All Sexes,40-49 years,379.0,7763.0,358.0,15.0,610.0
09/27/2023,01/01/2020,09/23/2023,By Total,Massachusetts,All Sexes,45-54 years,666.0,11310.0,624.0,25.0,1041.0
09/27/2023,01/01/2020,09/23/2023,By Total,Massachusetts,All Sexes,50-64 years,2345.0,33944.0,2493.0,69.0,3796.0
09/27/2023,01/01/2020,09/23/2023,By Total,Massachusetts,All Sexes,55-64 years,1908.0,26842.0,2080.0,54.0,3112.0
09/27/2023,01/01/2020,09/23/2023,By Total,Massachusetts,All Sexes,65-74 years,3762.0,43747.0,4146.0,103.0,6242.0
09/27/2023,01/01/2020,09/23/2023,By Total,Massachusetts,All Sexes,75-84 years,5681.0,59295.0,5972.0,141.0,9292.0
09/27/2023,01/01/2020,09/23/2023,By Total,Massachusetts,All Sexes,85 years and over,8852.0,85244.0,7596.0,203.0,13539.0
09/27/2023,01/01/2020,09/23/2023,By Total,Massachusetts,Male,All Ages,10906.0,121239.0,11337.0,262.0,17626.0
09/27/2023,01/01/2020,09/23/2023,By Total,Massachusetts,Male,45-54 years,435.0,7169.0,371.0,13.0,641.0
09/27/2023,01/01/2020,09/23/2023,By Total,Massachusetts,Male,50-64 years,1480.0,21056.0,1540.0,39.0,2354.0
09/27/2023,01/01/2020,09/23/2023,By Total,Massachusetts,Male,55-64 years,1199.0,16603.0,1295.0,32.0,1939.0
09/27/2023,01/01/2020,09/23/2023,By Total,Massachusetts,Male,65-74 years,2298.0,25233.0,2516.0,51.0,3765.0
09/27/2023,01/01/2020,09/23/2023,By Total,Massachusetts,Male,75-84 years,3096.0,30231.0,3351.0,68.0,5092.0
09/27/2023,01/01/2020,09/23/2023,By Total,Massachusetts,Male,85 years and over,3615.0,32576.0,3544.0,81.0,5739.0
09/27/2023,01/01/2020,09/23/2023,By Total,Massachusetts,Female,All Ages,10380.0,119183.0,9503.0,295.0,16319.0
09/27/2023,01/01/2020,09/23/2023,By Total,Massachusetts,Female,45-54 years,231.0,4141.0,253.0,12.0,400.0
09/27/2023,01/01/2020,09/23/2023,By Total,Massachusetts,Female,50-64 years,865.0,12888.0,953.0,30.0,1442.0
09/27/2023,01/01/2020,09/23/2023,By Total,Massachusetts,Female,55-64 years,709.0,10239.0,785.0,22.0,1173.0
09/27/2023,01/01/2020,09/23/2023,By Total,Massachusetts,Female,65-74 years,1464.0,18514.0,1630.0,52.0,2477.0
09/27/2023,01/01/2020,09/23/2023,By Total,Massachusetts,Female,75-84 years,2585.0,29064.0,2621.0,73.0,4200.0
09/27/2023,01/01/2020,09/23/2023,By Total,Massachusetts,Female,85 years and over,5237.0,52668.0,4052.0,122.0,7800.0
09/27/2023,01/01/2020,09/23/2023,By Total,Michigan,All Sexes,All Ages,37102.0,412252.0,36871.0,673.0,56130.0
09/27/2023,01/01/2020,09/23/2023,By Total,Michigan,All Sexes,0-17 years,47.0,4057.0,84.0,17.0,136.0
09/27/2023,01/01/2020,09/23/2023,By Total,Michigan,All Sexes,30-39 years,520.0,10217.0,525.0,16.0,810.0
09/27/2023,01/01/2020,09/23/2023,By Total,Michigan,All Sexes,35-44 years,796.0,12274.0,768.0,21.0,1185.0
09/27/2023,01/01/2020,09/23/2023,By Total,Michigan,All Sexes,40-49 years,1300.0,15390.0,1174.0,22.0,1817.0
09/27/2023,01/01/2020,09/23/2023,By Total,Michigan,All Sexes,45-54 years,2148.0,22248.0,1980.0,40.0,2978.0
09/27/2023,01/01/2020,09/23/2023,By Total,Michigan,All Sexes,50-64 years,6290.0,67045.0,6336.0,124.0,9326.0
09/27/2023,01/01/2020,09/23/2023,By Total,Michigan,All Sexes,55-64 years,4949.0,53451.0,5074.0,95.0,7450.0
09/27/2023,01/01/2020,09/23/2023,By Total,Michigan,All Sexes,65-74 years,8564.0,86557.0,9202.0,166.0,13169.0
09/27/2023,01/01/2020,09/23/2023,By Total,Michigan,All Sexes,75-84 years,9898.0,102243.0,10058.0,175.0,15046.0
09/27/2023,01/01/2020,09/23/2023,By Total,Michigan,All Sexes,85 years and over,10279.0,120308.0,9264.0,149.0,15491.0
09/27/2023,01/01/2020,09/23/2023,By Total,Michigan,Male,All Ages,20084.0,214274.0,20390.0,327.0,30297.0
09/27/2023,01/01/2020,09/23/2023,By Total,Michigan,Male,35-44 years,470.0,7912.0,430.0,11.0,685.0
09/27/2023,01/01/2020,09/23/2023,By Total,Michigan,Male,40-49 years,798.0,9819.0,705.0,15.0,1108.0
09/27/2023,01/01/2020,09/23/2023,By Total,Michigan,Male,45-54 years,1362.0,13964.0,1229.0,23.0,1857.0
09/27/2023,01/01/2020,09/23/2023,By Total,Michigan,Male,50-64 years,3779.0,41277.0,3738.0,56.0,5520.0
09/27/2023,01/01/2020,09/23/2023,By Total,Michigan,Male,55-64 years,2925.0,32794.0,2969.0,42.0,4363.0
09/27/2023,01/01/2020,09/23/2023,By Total,Michigan,Male,65-74 years,5053.0,49826.0,5359.0,94.0,7729.0
09/27/2023,01/01/2020,09/23/2023,By Total,Michigan,Male,75-84 years,5536.0,52850.0,5753.0,80.0,8381.0
09/27/2023,01/01/2020,09/23/2023,By Total,Michigan,Male,85 years and over,4474.0,46888.0,4339.0,63.0,6813.0
09/27/2023,01/01/2020,09/23/2023,By Total,Michigan,Female,All Ages,17018.0,197978.0,16481.0,346.0,25833.0
09/27/2023,01/01/2020,09/23/2023,By Total,Michigan,Female,35-44 years,326.0,4362.0,338.0,10.0,500.0
09/27/2023,01/01/2020,09/23/2023,By Total,Michigan,Female,45-54 years,786.0,8284.0,751.0,17.0,1121.0
09/27/2023,01/01/2020,09/23/2023,By Total,Michigan,Female,50-64 years,2511.0,25768.0,2598.0,68.0,3806.0
09/27/2023,01/01/2020,09/23/2023,By Total,Michigan,Female,55-64 years,2024.0,20657.0,2105.0,53.0,3087.0
09/27/2023,01/01/2020,09/23/2023,By Total,Michigan,Female,65-74 years,3511.0,36731.0,3843.0,72.0,5440.0
09/27/2023,01/01/2020,09/23/2023,By Total,Michigan,Female,75-84 years,4362.0,49393.0,4305.0,95.0,6665.0
09/27/2023,01/01/2020,09/23/2023,By Total,Michigan,Female,85 years and over,5805.0,73420.0,4925.0,86.0,8678.0
09/27/2023,01/01/2020,09/23/2023,By Total,Minnesota,All Sexes,All Ages,15298.0,188637.0,14526.0,382.0,24580.0
09/27/2023,01/01/2020,09/23/2023,By Total,Minnesota,All Sexes,30-39 years,187.0,4481.0,170.0,15.0,303.0
09/27/2023,01/01/2020,09/23/2023,By Total,Minnesota,All Sexes,35-44 years,257.0,5234.0,236.0,12.0,407.0
09/27/2023,01/01/2020,09/23/2023,By Total,Minnesota,All Sexes,40-49 years,380.0,6165.0,352.0,11.0,593.0
09/27/2023,01/01/2020,09/23/2023,By Total,Minnesota,All Sexes,45-54 years,620.0,8568.0,560.0,18.0,946.0
09/27/2023,01/01/2020,09/23/2023,By Total,Minnesota,All Sexes,50-64 years,2021.0,26385.0,1926.0,65.0,3124.0
09/27/2023,01/01/2020,09/23/2023,By Total,Minnesota,All Sexes,55-64 years,1633.0,21144.0,1575.0,54.0,2533.0
09/27/2023,01/01/2020,09/23/2023,By Total,Minnesota,All Sexes,65-74 years,2761.0,35115.0,2973.0,73.0,4585.0
09/27/2023,01/01/2020,09/23/2023,By Total,Minnesota,All Sexes,75-84 years,4076.0,46833.0,4045.0,94.0,6648.0
09/27/2023,01/01/2020,09/23/2023,By Total,Minnesota,All Sexes,85 years and over,5782.0,64595.0,4923.0,113.0,9107.0
09/27/2023,01/01/2020,09/23/2023,By Total,Minnesota,Male,All Ages,8204.0,97731.0,8041.0,183.0,13143.0
09/27/2023,01/01/2020,09/23/2023,By Total,Minnesota,Male,45-54 years,403.0,5395.0,343.0,13.0,584.0
09/27/2023,01/01/2020,09/23/2023,By Total,Minnesota,Male,50-64 years,1284.0,16372.0,1157.0,36.0,1917.0
09/27/2023,01/01/2020,09/23/2023,By Total,Minnesota,Male,55-64 years,1029.0,13081.0,935.0,27.0,1543.0
09/27/2023,01/01/2020,09/23/2023,By Total,Minnesota,Male,65-74 years,1687.0,20565.0,1820.0,38.0,2756.0
09/27/2023,01/01/2020,09/23/2023,By Total,Minnesota,Male,75-84 years,2305.0,24554.0,2313.0,50.0,3752.0
09/27/2023,01/01/2020,09/23/2023,By Total,Minnesota,Male,85 years and over,2506.0,25983.0,2348.0,42.0,4039.0
09/27/2023,01/01/2020,09/23/2023,By Total,Minnesota,Female,All Ages,7094.0,90906.0,6485.0,199.0,11437.0
09/27/2023,01/01/2020,09/23/2023,By Total,Minnesota,Female,50-64 years,737.0,10013.0,769.0,29.0,1207.0
09/27/2023,01/01/2020,09/23/2023,By Total,Minnesota,Female,55-64 years,604.0,8063.0,640.0,27.0,990.0
09/27/2023,01/01/2020,09/23/2023,By Total,Minnesota,Female,65-74 years,1074.0,14550.0,1153.0,35.0,1829.0
09/27/2023,01/01/2020,09/23/2023,By Total,Minnesota,Female,75-84 years,1771.0,22279.0,1732.0,44.0,2896.0
09/27/2023,01/01/2020,09/23/2023,By Total,Minnesota,Female,85 years and over,3276.0,38612.0,2575.0,71.0,5068.0
09/27/2023,01/01/2020,09/23/2023,By Total,Mississippi,All Sexes,All Ages,14955.0,139919.0,15666.0,267.0,23381.0
09/27/2023,01/01/2020,09/23/2023,By Total,Mississippi,All Sexes,Under 1 year,0.0,976.0,14.0,0.0,14.0
09/27/2023,01/01/2020,09/23/2023,By Total,Mississippi,All Sexes,15-24 years,43.0,1906.0,43.0,0.0,63.0
09/27/2023,01/01/2020,09/23/2023,By Total,Mississippi,All Sexes,30-39 years,354.0,4186.0,297.0,12.0,485.0
09/27/2023,01/01/2020,09/23/2023,By Total,Mississippi,All Sexes,35-44 years,500.0,5512.0,446.0,18.0,714.0
09/27/2023,01/01/2020,09/23/2023,By Total,Mississippi,All Sexes,40-49 years,745.0,7118.0,677.0,19.0,1072.0
09/27/2023,01/01/2020,09/23/2023,By Total,Mississippi,All Sexes,45-54 years,1085.0,9506.0,1050.0,22.0,1576.0
09/27/2023,01/01/2020,09/23/2023,By Total,Mississippi,All Sexes,50-64 years,3015.0,27068.0,3209.0,73.0,4644.0
09/27/2023,01/01/2020,09/23/2023,By Total,Mississippi,All Sexes,55-64 years,2384.0,21488.0,2555.0,59.0,3707.0
09/27/2023,01/01/2020,09/23/2023,By Total,Mississippi,All Sexes,65-74 years,3725.0,31909.0,4062.0,63.0,5853.0
09/27/2023,01/01/2020,09/23/2023,By Total,Mississippi,All Sexes,75-84 years,3910.0,34143.0,4142.0,58.0,6169.0
09/27/2023,01/01/2020,09/23/2023,By Total,Mississippi,All Sexes,85 years and over,3087.0,30689.0,3147.0,36.0,4954.0
09/27/2023,01/01/2020,09/23/2023,By Total,Mississippi,Male,All Ages,7724.0,73159.0,8384.0,137.0,12217.0
09/27/2023,01/01/2020,09/23/2023,By Total,Mississippi,Male,15-24 years,20.0,1416.0,21.0,0.0,31.0
09/27/2023,01/01/2020,09/23/2023,By Total,Mississippi,Male,35-44 years,258.0,3455.0,250.0,12.0,389.0
09/27/2023,01/01/2020,09/23/2023,By Total,Mississippi,Male,40-49 years,391.0,4256.0,367.0,11.0,565.0
09/27/2023,01/01/2020,09/23/2023,By Total,Mississippi,Male,45-54 years,601.0,5673.0,563.0,11.0,845.0
09/27/2023,01/01/2020,09/23/2023,By Total,Mississippi,Male,50-64 years,1653.0,16109.0,1777.0,35.0,2568.0
09/27/2023,01/01/2020,09/23/2023,By Total,Mississippi,Male,55-64 years,1288.0,12719.0,1417.0,28.0,2048.0
09/27/2023,01/01/2020,09/23/2023,By Total,Mississippi,Male,65-74 years,2101.0,18210.0,2336.0,38.0,3329.0
09/27/2023,01/01/2020,09/23/2023,By Total,Mississippi,Male,75-84 years,2084.0,17234.0,2261.0,29.0,3310.0
09/27/2023,01/01/2020,09/23/2023,By Total,Mississippi,Male,85 years and over,1263.0,11365.0,1416.0,12.0,2082.0
09/27/2023,01/01/2020,09/23/2023,By Total,Mississippi,Female,All Ages,7231.0,66760.0,7282.0,130.0,11164.0
09/27/2023,01/01/2020,09/23/2023,By Total,Mississippi,Female,15-24 years,23.0,490.0,22.0,0.0,32.0
09/27/2023,01/01/2020,09/23/2023,By Total,Mississippi,Female,45-54 years,484.0,3833.0,487.0,11.0,731.0
09/27/2023,01/01/2020,09/23/2023,By Total,Mississippi,Female,50-64 years,1362.0,10959.0,1432.0,38.0,2076.0
09/27/2023,01/01/2020,09/23/2023,By Total,Mississippi,Female,55-64 years,1096.0,8769.0,1138.0,31.0,1659.0
09/27/2023,01/01/2020,09/23/2023,By Total,Mississippi,Female,65-74 years,1624.0,13699.0,1726.0,25.0,2524.0
09/27/2023,01/01/2020,09/23/2023,By Total,Mississippi,Female,75-84 years,1826.0,16909.0,1881.0,29.0,2859.0
09/27/2023,01/01/2020,09/23/2023,By Total,Mississippi,Female,85 years and over,1824.0,19324.0,1731.0,24.0,2872.0
09/27/2023,01/01/2020,09/23/2023,By Total,Missouri,All Sexes,All Ages,23363.0,273827.0,23155.0,578.0,35998.0
09/27/2023,01/01/2020,09/23/2023,By Total,Missouri,All Sexes,0-17 years,39.0,3355.0,79.0,16.0,118.0
09/27/2023,01/01/2020,09/23/2023,By Total,Missouri,All Sexes,15-24 years,66.0,3305.0,61.0,10.0,109.0
09/27/2023,01/01/2020,09/23/2023,By Total,Missouri,All Sexes,25-34 years,192.0,6215.0,188.0,11.0,309.0
09/27/2023,01/01/2020,09/23/2023,By Total,Missouri,All Sexes,30-39 years,314.0,7557.0,317.0,14.0,489.0
09/27/2023,01/01/2020,09/23/2023,By Total,Missouri,All Sexes,35-44 years,531.0,9165.0,500.0,20.0,786.0
09/27/2023,01/01/2020,09/23/2023,By Total,Missouri,All Sexes,40-49 years,834.0,11096.0,735.0,27.0,1188.0
09/27/2023,01/01/2020,09/23/2023,By Total,Missouri,All Sexes,45-54 years,1300.0,15160.0,1153.0,29.0,1823.0
09/27/2023,01/01/2020,09/23/2023,By Total,Missouri,All Sexes,50-64 years,4037.0,46788.0,3995.0,102.0,5998.0
09/27/2023,01/01/2020,09/23/2023,By Total,Missouri,All Sexes,55-64 years,3239.0,37667.0,3276.0,85.0,4876.0
09/27/2023,01/01/2020,09/23/2023,By Total,Missouri,All Sexes,65-74 years,5210.0,57624.0,5489.0,120.0,8107.0
09/27/2023,01/01/2020,09/23/2023,By Total,Missouri,All Sexes,75-84 years,6248.0,68206.0,6498.0,146.0,9777.0
09/27/2023,01/01/2020,09/23/2023,By Total,Missouri,All Sexes,85 years and over,6547.0,73722.0,5920.0,144.0,10109.0
09/27/2023,01/01/2020,09/23/2023,By Total,Missouri,Male,All Ages,12475.0,143588.0,12552.0,276.0,19067.0
09/27/2023,01/01/2020,09/23/2023,By Total,Missouri,Male,0-17 years,25.0,1973.0,44.0,11.0,69.0
09/27/2023,01/01/2020,09/23/2023,By Total,Missouri,Male,40-49 years,467.0,7000.0,414.0,13.0,658.0
09/27/2023,01/01/2020,09/23/2023,By Total,Missouri,Male,45-54 years,815.0,9407.0,683.0,15.0,1100.0
09/27/2023,01/01/2020,09/23/2023,By Total,Missouri,Male,50-64 years,2453.0,28389.0,2375.0,58.0,3572.0
09/27/2023,01/01/2020,09/23/2023,By Total,Missouri,Male,55-64 years,1933.0,22755.0,1945.0,52.0,2880.0
09/27/2023,01/01/2020,09/23/2023,By Total,Missouri,Male,65-74 years,2918.0,32919.0,3077.0,60.0,4551.0
09/27/2023,01/01/2020,09/23/2023,By Total,Missouri,Male,75-84 years,3529.0,35253.0,3605.0,64.0,5373.0
09/27/2023,01/01/2020,09/23/2023,By Total,Missouri,Male,85 years and over,2815.0,28951.0,2769.0,58.0,4421.0
09/27/2023,01/01/2020,09/23/2023,By Total,Missouri,Female,All Ages,10888.0,130239.0,10603.0,302.0,16931.0
09/27/2023,01/01/2020,09/23/2023,By Total,Missouri,Female,35-44 years,231.0,3201.0,210.0,14.0,347.0
09/27/2023,01/01/2020,09/23/2023,By Total,Missouri,Female,40-49 years,367.0,4096.0,321.0,14.0,530.0
09/27/2023,01/01/2020,09/23/2023,By Total,Missouri,Female,45-54 years,485.0,5753.0,470.0,14.0,723.0
09/27/2023,01/01/2020,09/23/2023,By Total,Missouri,Female,50-64 years,1584.0,18399.0,1620.0,44.0,2426.0
09/27/2023,01/01/2020,09/23/2023,By Total,Missouri,Female,55-64 years,1306.0,14912.0,1331.0,33.0,1996.0
09/27/2023,01/01/2020,09/23/2023,By Total,Missouri,Female,65-74 years,2292.0,24705.0,2412.0,60.0,3556.0
09/27/2023,01/01/2020,09/23/2023,By Total,Missouri,Female,75-84 years,2719.0,32953.0,2893.0,82.0,4404.0
09/27/2023,01/01/2020,09/23/2023,By Total,Missouri,Female,85 years and over,3732.0,44771.0,3151.0,86.0,5688.0
09/27/2023,01/01/2020,09/23/2023,By Total,Montana,All Sexes,All Ages,3961.0,44283.0,3793.0,109.0,5860.0
09/27/2023,01/01/2020,09/23/2023,By Total,Montana,All Sexes,50-64 years,640.0,6737.0,621.0,17.0,906.0
09/27/2023,01/01/2020,09/23/2023,By Total,Montana,All Sexes,55-64 years,520.0,5425.0,516.0,15.0,742.0
09/27/2023,01/01/2020,09/23/2023,By Total,Montana,All Sexes,65-74 years,936.0,9199.0,944.0,25.0,1373.0
09/27/2023,01/01/2020,09/23/2023,By Total,Montana,All Sexes,75-84 years,1123.0,11466.0,1090.0,30.0,1648.0
09/27/2023,01/01/2020,09/23/2023,By Total,Montana,All Sexes,85 years and over,1058.0,12733.0,927.0,30.0,1616.0
09/27/2023,01/01/2020,09/23/2023,By Total,Montana,Male,All Ages,2248.0,24187.0,2184.0,50.0,3291.0
09/27/2023,01/01/2020,09/23/2023,By Total,Montana,Male,25-34 years,12.0,658.0,23.0,0.0,30.0
09/27/2023,01/01/2020,09/23/2023,By Total,Montana,Male,75-84 years,687.0,6405.0,666.0,17.0,992.0
09/27/2023,01/01/2020,09/23/2023,By Total,Montana,Male,85 years and over,504.0,5398.0,472.0,11.0,774.0
09/27/2023,01/01/2020,09/23/2023,By Total,Montana,Female,All Ages,1713.0,20096.0,1609.0,59.0,2569.0
09/27/2023,01/01/2020,09/23/2023,By Total,Montana,Female,5-14 years,0.0,41.0,0.0,0.0,0.0
09/27/2023,01/01/2020,09/23/2023,By Total,Montana,Female,30-39 years,24.0,423.0,23.0,0.0,39.0
09/27/2023,01/01/2020,09/23/2023,By Total,Montana,Female,35-44 years,41.0,512.0,40.0,0.0,58.0
09/27/2023,01/01/2020,09/23/2023,By Total,Montana,Female,40-49 years,53.0,585.0,54.0,0.0,71.0
09/27/2023,01/01/2020,09/23/2023,By Total,Montana,Female,65-74 years,383.0,3697.0,392.0,16.0,578.0
09/27/2023,01/01/2020,09/23/2023,By Total,Montana,Female,75-84 years,436.0,5061.0,424.0,13.0,656.0
09/27/2023,01/01/2020,09/23/2023,By Total,Montana,Female,85 years and over,554.0,7335.0,455.0,19.0,842.0
09/27/2023,01/01/2020,09/23/2023,By Total,Nebraska,All Sexes,All Ages,5815.0,70422.0,6148.0,164.0,9622.0
09/27/2023,01/01/2020,09/23/2023,By Total,Nebraska,All Sexes,0-17 years,12.0,935.0,20.0,10.0,41.0
09/27/2023,01/01/2020,09/23/2023,By Total,Nebraska,All Sexes,50-64 years,847.0,10082.0,907.0,29.0,1345.0
09/27/2023,01/01/2020,09/23/2023,By Total,Nebraska,All Sexes,55-64 years,668.0,8162.0,720.0,25.0,1072.0
09/27/2023,01/01/2020,09/23/2023,By Total,Nebraska,All Sexes,65-74 years,1217.0,13781.0,1301.0,32.0,1978.0
09/27/2023,01/01/2020,09/23/2023,By Total,Nebraska,All Sexes,75-84 years,1536.0,17350.0,1642.0,32.0,2533.0
09/27/2023,01/01/2020,09/23/2023,By Total,Nebraska,All Sexes,85 years and over,1918.0,23391.0,1970.0,48.0,3274.0
09/27/2023,01/01/2020,09/23/2023,By Total,Nebraska,Male,All Ages,3304.0,36474.0,3434.0,75.0,5297.0
09/27/2023,01/01/2020,09/23/2023,By Total,Nebraska,Male,35-44 years,76.0,1178.0,68.0,0.0,100.0
09/27/2023,01/01/2020,09/23/2023,By Total,Nebraska,Male,50-64 years,551.0,6152.0,561.0,14.0,836.0
09/27/2023,01/01/2020,09/23/2023,By Total,Nebraska,Male,55-64 years,429.0,4970.0,442.0,13.0,660.0
09/27/2023,01/01/2020,09/23/2023,By Total,Nebraska,Male,65-74 years,768.0,8063.0,780.0,19.0,1222.0
09/27/2023,01/01/2020,09/23/2023,By Total,Nebraska,Male,75-84 years,938.0,9211.0,951.0,15.0,1469.0
09/27/2023,01/01/2020,09/23/2023,By Total,Nebraska,Male,85 years and over,864.0,9271.0,936.0,17.0,1476.0
09/27/2023,01/01/2020,09/23/2023,By Total,Nebraska,Female,All Ages,2511.0,33948.0,2714.0,89.0,4325.0
09/27/2023,01/01/2020,09/23/2023,By Total,Nebraska,Female,50-64 years,296.0,3930.0,346.0,15.0,509.0
09/27/2023,01/01/2020,09/23/2023,By Total,Nebraska,Female,55-64 years,239.0,3192.0,278.0,12.0,412.0
09/27/2023,01/01/2020,09/23/2023,By Total,Nebraska,Female,65-74 years,449.0,5718.0,521.0,13.0,756.0
09/27/2023,01/01/2020,09/23/2023,By Total,Nebraska,Female,75-84 years,598.0,8139.0,691.0,17.0,1064.0
09/27/2023,01/01/2020,09/23/2023,By Total,Nebraska,Female,85 years and over,1054.0,14120.0,1034.0,31.0,1798.0
09/27/2023,01/01/2020,09/23/2023,By Total,Nevada,All Sexes,All Ages,12259.0,117594.0,15426.0,200.0,18663.0
09/27/2023,01/01/2020,09/23/2023,By Total,Nevada,All Sexes,35-44 years,406.0,4628.0,479.0,10.0,600.0
09/27/2023,01/01/2020,09/23/2023,By Total,Nevada,All Sexes,40-49 years,681.0,5760.0,732.0,13.0,919.0
09/27/2023,01/01/2020,09/23/2023,By Total,Nevada,All Sexes,45-54 years,1019.0,7833.0,1137.0,16.0,1388.0
09/27/2023,01/01/2020,09/23/2023,By Total,Nevada,All Sexes,50-64 years,2478.0,21136.0,3019.0,49.0,3654.0
09/27/2023,01/01/2020,09/23/2023,By Total,Nevada,All Sexes,55-64 years,1885.0,16531.0,2328.0,39.0,2818.0
09/27/2023,01/01/2020,09/23/2023,By Total,Nevada,All Sexes,65-74 years,3212.0,27056.0,4191.0,51.0,4960.0
09/27/2023,01/01/2020,09/23/2023,By Total,Nevada,All Sexes,75-84 years,3362.0,31255.0,4354.0,45.0,5231.0
09/27/2023,01/01/2020,09/23/2023,By Total,Nevada,All Sexes,85 years and over,2181.0,25078.0,2693.0,32.0,3340.0
09/27/2023,01/01/2020,09/23/2023,By Total,Nevada,Male,All Ages,7480.0,66664.0,9221.0,113.0,11134.0
09/27/2023,01/01/2020,09/23/2023,By Total,Nevada,Male,50-64 years,1584.0,13271.0,1843.0,33.0,2262.0
09/27/2023,01/01/2020,09/23/2023,By Total,Nevada,Male,55-64 years,1187.0,10323.0,1418.0,27.0,1733.0
09/27/2023,01/01/2020,09/23/2023,By Total,Nevada,Male,65-74 years,2054.0,16431.0,2599.0,32.0,3100.0
09/27/2023,01/01/2020,09/23/2023,By Total,Nevada,Male,75-84 years,2035.0,17171.0,2613.0,27.0,3132.0
09/27/2023,01/01/2020,09/23/2023,By Total,Nevada,Male,85 years and over,1139.0,11087.0,1430.0,11.0,1712.0
09/27/2023,01/01/2020,09/23/2023,By Total,Nevada,Female,All Ages,4779.0,50930.0,6205.0,87.0,7529.0
09/27/2023,01/01/2020,09/23/2023,By Total,Nevada,Female,50-64 years,894.0,7865.0,1176.0,16.0,1392.0
09/27/2023,01/01/2020,09/23/2023,By Total,Nevada,Female,55-64 years,698.0,6208.0,910.0,12.0,1085.0
09/27/2023,01/01/2020,09/23/2023,By Total,Nevada,Female,65-74 years,1158.0,10625.0,1592.0,19.0,1860.0
09/27/2023,01/01/2020,09/23/2023,By Total,Nevada,Female,75-84 years,1327.0,14084.0,1741.0,18.0,2099.0
09/27/2023,01/01/2020,09/23/2023,By Total,Nevada,Female,85 years and over,1042.0,13991.0,1263.0,21.0,1628.0
09/27/2023,01/01/2020,09/23/2023,By Total,New Hampshire,All Sexes,All Ages,3112.0,51581.0,3286.0,100.0,5335.0
09/27/2023,01/01/2020,09/23/2023,By Total,New Hampshire,All Sexes,50-64 years,339.0,7519.0,413.0,15.0,612.0
09/27/2023,01/01/2020,09/23/2023,By Total,New Hampshire,All Sexes,55-64 years,274.0,6032.0,341.0,12.0,503.0
09/27/2023,01/01/2020,09/23/2023,By Total,New Hampshire,All Sexes,65-74 years,609.0,10185.0,726.0,23.0,1063.0
09/27/2023,01/01/2020,09/23/2023,By Total,New Hampshire,All Sexes,75-84 years,868.0,13245.0,963.0,24.0,1527.0
09/27/2023,01/01/2020,09/23/2023,By Total,New Hampshire,All Sexes,85 years and over,1192.0,16835.0,1070.0,30.0,1950.0
09/27/2023,01/01/2020,09/23/2023,By Total,New Hampshire,Male,All Ages,1651.0,26806.0,1789.0,49.0,2818.0
09/27/2023,01/01/2020,09/23/2023,By Total,New Hampshire,Male,Under 1 year,0.0,77.0,0.0,0.0,0.0
09/27/2023,01/01/2020,09/23/2023,By Total,New Hampshire,Male,1-4 years,0.0,23.0,0.0,0.0,0.0
09/27/2023,01/01/2020,09/23/2023,By Total,New Hampshire,Male,65-74 years,367.0,6023.0,426.0,12.0,627.0
09/27/2023,01/01/2020,09/23/2023,By Total,New Hampshire,Male,75-84 years,486.0,6878.0,549.0,17.0,857.0
09/27/2023,01/01/2020,09/23/2023,By Total,New Hampshire,Male,85 years and over,495.0,6632.0,485.0,11.0,827.0
09/27/2023,01/01/2020,09/23/2023,By Total,New Hampshire,Female,All Ages,1461.0,24775.0,1497.0,51.0,2517.0
09/27/2023,01/01/2020,09/23/2023,By Total,New Hampshire,Female,65-74 years,242.0,4162.0,300.0,11.0,436.0
09/27/2023,01/01/2020,09/23/2023,By Total,New Hampshire,Female,85 years and over,697.0,10203.0,585.0,19.0,1123.0
09/27/2023,01/01/2020,09/23/2023,By Total,New Jersey,All Sexes,All Ages,35691.0,312963.0,31031.0,363.0,49766.0
09/27/2023,01/01/2020,09/23/2023,By Total,New Jersey,All Sexes,25-34 years,287.0,5603.0,243.0,11.0,411.0
09/27/2023,01/01/2020,09/23/2023,By Total,New Jersey,All Sexes,30-39 years,452.0,7323.0,369.0,13.0,634.0
09/27/2023,01/01/2020,09/23/2023,By Total,New Jersey,All Sexes,35-44 years,697.0,8874.0,543.0,11.0,924.0
09/27/2023,01/01/2020,09/23/2023,By Total,New Jersey,All Sexes,40-49 years,1105.0,11171.0,866.0,16.0,1445.0
09/27/2023,01/01/2020,09/23/2023,By Total,New Jersey,All Sexes,45-54 years,1890.0,16508.0,1481.0,17.0,2460.0
09/27/2023,01/01/2020,09/23/2023,By Total,New Jersey,All Sexes,50-64 years,5849.0,47788.0,4787.0,54.0,7695.0
09/27/2023,01/01/2020,09/23/2023,By Total,New Jersey,All Sexes,55-64 years,4650.0,37609.0,3847.0,47.0,6140.0
09/27/2023,01/01/2020,09/23/2023,By Total,New Jersey,All Sexes,65-74 years,7320.0,57393.0,6331.0,60.0,9960.0
09/27/2023,01/01/2020,09/23/2023,By Total,New Jersey,All Sexes,75-84 years,9370.0,76960.0,8577.0,78.0,13287.0
09/27/2023,01/01/2020,09/23/2023,By Total,New Jersey,All Sexes,85 years and over,11401.0,106314.0,9915.0,131.0,16426.0
09/27/2023,01/01/2020,09/23/2023,By Total,New Jersey,Male,All Ages,19376.0,158472.0,17012.0,188.0,26886.0
09/27/2023,01/01/2020,09/23/2023,By Total,New Jersey,Male,40-49 years,774.0,7397.0,575.0,11.0,987.0
09/27/2023,01/01/2020,09/23/2023,By Total,New Jersey,Male,45-54 years,1294.0,10639.0,942.0,13.0,1624.0
09/27/2023,01/01/2020,09/23/2023,By Total,New Jersey,Male,50-64 years,3798.0,29594.0,3021.0,31.0,4922.0
09/27/2023,01/01/2020,09/23/2023,By Total,New Jersey,Male,55-64 years,2992.0,23105.0,2439.0,26.0,3919.0
09/27/2023,01/01/2020,09/23/2023,By Total,New Jersey,Male,65-74 years,4457.0,32938.0,3827.0,29.0,6029.0
09/27/2023,01/01/2020,09/23/2023,By Total,New Jersey,Male,75-84 years,5114.0,39119.0,4759.0,43.0,7274.0
09/27/2023,01/01/2020,09/23/2023,By Total,New Jersey,Male,85 years and over,4812.0,40225.0,4484.0,60.0,7077.0
09/27/2023,01/01/2020,09/23/2023,By Total,New Jersey,Female,All Ages,16315.0,154491.0,14019.0,175.0,22880.0
09/27/2023,01/01/2020,09/23/2023,By Total,New Jersey,Female,50-64 years,2051.0,18194.0,1766.0,23.0,2773.0
09/27/2023,01/01/2020,09/23/2023,By Total,New Jersey,Female,55-64 years,1658.0,14504.0,1408.0,21.0,2221.0
09/27/2023,01/01/2020,09/23/2023,By Total,New Jersey,Female,65-74 years,2863.0,24455.0,2504.0,31.0,3931.0
09/27/2023,01/01/2020,09/23/2023,By Total,New Jersey,Female,75-84 years,4256.0,37841.0,3818.0,35.0,6013.0
09/27/2023,01/01/2020,09/23/2023,By Total,New Jersey,Female,85 years and over,6589.0,66089.0,5431.0,71.0,9349.0
09/27/2023,01/01/2020,09/23/2023,By Total,New Mexico,All Sexes,All Ages,8963.0,84955.0,8783.0,184.0,13036.0
09/27/2023,01/01/2020,09/23/2023,By Total,New Mexico,All Sexes,35-44 years,476.0,4529.0,472.0,14.0,650.0
09/27/2023,01/01/2020,09/23/2023,By Total,New Mexico,All Sexes,40-49 years,615.0,4991.0,578.0,14.0,817.0
09/27/2023,01/01/2020,09/23/2023,By Total,New Mexico,All Sexes,45-54 years,806.0,5904.0,738.0,24.0,1071.0
09/27/2023,01/01/2020,09/23/2023,By Total,New Mexico,All Sexes,50-64 years,1915.0,14713.0,1835.0,50.0,2641.0
09/27/2023,01/01/2020,09/23/2023,By Total,New Mexico,All Sexes,55-64 years,1450.0,11369.0,1409.0,33.0,2018.0
09/27/2023,01/01/2020,09/23/2023,By Total,New Mexico,All Sexes,65-74 years,2052.0,17120.0,2065.0,32.0,2937.0
09/27/2023,01/01/2020,09/23/2023,By Total,New Mexico,All Sexes,75-84 years,2063.0,19616.0,2067.0,51.0,3128.0
09/27/2023,01/01/2020,09/23/2023,By Total,New Mexico,All Sexes,85 years and over,1845.0,21124.0,1796.0,18.0,2858.0
09/27/2023,01/01/2020,09/23/2023,By Total,New Mexico,Male,All Ages,5077.0,46859.0,5044.0,94.0,7334.0
09/27/2023,01/01/2020,09/23/2023,By Total,New Mexico,Male,45-54 years,512.0,3832.0,463.0,15.0,673.0
09/27/2023,01/01/2020,09/23/2023,By Total,New Mexico,Male,50-64 years,1198.0,9327.0,1131.0,26.0,1629.0
09/27/2023,01/01/2020,09/23/2023,By Total,New Mexico,Male,55-64 years,895.0,7176.0,853.0,16.0,1226.0
09/27/2023,01/01/2020,09/23/2023,By Total,New Mexico,Male,65-74 years,1185.0,9921.0,1194.0,18.0,1693.0
09/27/2023,01/01/2020,09/23/2023,By Total,New Mexico,Male,75-84 years,1151.0,10380.0,1161.0,27.0,1726.0
09/27/2023,01/01/2020,09/23/2023,By Total,New Mexico,Female,All Ages,3886.0,38096.0,3739.0,90.0,5702.0
09/27/2023,01/01/2020,09/23/2023,By Total,New Mexico,Female,50-64 years,717.0,5386.0,704.0,24.0,1012.0
09/27/2023,01/01/2020,09/23/2023,By Total,New Mexico,Female,55-64 years,555.0,4193.0,556.0,17.0,792.0
09/27/2023,01/01/2020,09/23/2023,By Total,New Mexico,Female,65-74 years,867.0,7199.0,871.0,14.0,1244.0
09/27/2023,01/01/2020,09/23/2023,By Total,New Mexico,Female,75-84 years,912.0,9236.0,906.0,24.0,1402.0
09/27/2023,01/01/2020,09/23/2023,By Total,New Mexico,Female,85 years and over,980.0,12283.0,860.0,12.0,1463.0
09/27/2023,01/01/2020,09/23/2023,By Total,New York,All Sexes,All Ages,42273.0,422387.0,44547.0,789.0,69619.0
09/27/2023,01/01/2020,09/23/2023,By Total,New York,All Sexes,0-17 years,50.0,2949.0,65.0,17.0,118.0
09/27/2023,01/01/2020,09/23/2023,By Total,New York,All Sexes,35-44 years,664.0,10911.0,589.0,13.0,994.0
09/27/2023,01/01/2020,09/23/2023,By Total,New York,All Sexes,40-49 years,1039.0,13135.0,913.0,17.0,1509.0
09/27/2023,01/01/2020,09/23/2023,By Total,New York,All Sexes,45-54 years,1778.0,19416.0,1634.0,28.0,2613.0
09/27/2023,01/01/2020,09/23/2023,By Total,New York,All Sexes,50-64 years,5853.0,60580.0,5953.0,109.0,9113.0
09/27/2023,01/01/2020,09/23/2023,By Total,New York,All Sexes,55-64 years,4713.0,48407.0,4887.0,91.0,7422.0
09/27/2023,01/01/2020,09/23/2023,By Total,New York,All Sexes,65-74 years,8259.0,79143.0,8803.0,149.0,13341.0
09/27/2023,01/01/2020,09/23/2023,By Total,New York,All Sexes,75-84 years,11139.0,104460.0,12253.0,184.0,18654.0
09/27/2023,01/01/2020,09/23/2023,By Total,New York,All Sexes,85 years and over,15315.0,147415.0,15944.0,299.0,25873.0
09/27/2023,01/01/2020,09/23/2023,By Total,New York,Male,All Ages,22212.0,214076.0,24023.0,351.0,36609.0
09/27/2023,01/01/2020,09/23/2023,By Total,New York,Male,40-49 years,661.0,8481.0,545.0,10.0,934.0
09/27/2023,01/01/2020,09/23/2023,By Total,New York,Male,45-54 years,1167.0,12347.0,1019.0,21.0,1670.0
09/27/2023,01/01/2020,09/23/2023,By Total,New York,Male,50-64 years,3744.0,37374.0,3643.0,67.0,5666.0
09/27/2023,01/01/2020,09/23/2023,By Total,New York,Male,55-64 years,2996.0,29615.0,2959.0,54.0,4575.0
09/27/2023,01/01/2020,09/23/2023,By Total,New York,Male,65-74 years,4917.0,45529.0,5241.0,72.0,7904.0
09/27/2023,01/01/2020,09/23/2023,By Total,New York,Male,75-84 years,6058.0,53910.0,6812.0,90.0,10183.0
09/27/2023,01/01/2020,09/23/2023,By Total,New York,Male,85 years and over,6405.0,56862.0,7358.0,98.0,11220.0
09/27/2023,01/01/2020,09/23/2023,By Total,New York,Female,All Ages,20061.0,208311.0,20524.0,438.0,33010.0
09/27/2023,01/01/2020,09/23/2023,By Total,New York,Female,50-64 years,2109.0,23206.0,2310.0,42.0,3447.0
09/27/2023,01/01/2020,09/23/2023,By Total,New York,Female,55-64 years,1717.0,18792.0,1928.0,37.0,2847.0
09/27/2023,01/01/2020,09/23/2023,By Total,New York,Female,65-74 years,3342.0,33614.0,3562.0,77.0,5437.0
09/27/2023,01/01/2020,09/23/2023,By Total,New York,Female,75-84 years,5081.0,50550.0,5441.0,94.0,8471.0
09/27/2023,01/01/2020,09/23/2023,By Total,New York,Female,85 years and over,8910.0,90553.0,8586.0,201.0,14653.0
09/27/2023,01/01/2020,09/23/2023,By Total,New York City,All Sexes,All Ages,38167.0,245459.0,28332.0,1251.0,52959.0
09/27/2023,01/01/2020,09/23/2023,By Total,New York City,All Sexes,Under 1 year,11.0,1493.0,19.0,0.0,30.0
09/27/2023,01/01/2020,09/23/2023,By Total,New York City,All Sexes,18-29 years,166.0,3919.0,128.0,15.0,257.0
09/27/2023,01/01/2020,09/23/2023,By Total,New York City,All Sexes,25-34 years,331.0,5363.0,236.0,22.0,480.0
09/27/2023,01/01/2020,09/23/2023,By Total,New York City,All Sexes,30-39 years,597.0,7192.0,368.0,25.0,811.0
09/27/2023,01/01/2020,09/23/2023,By Total,New York City,All Sexes,35-44 years,886.0,8887.0,526.0,39.0,1159.0
09/27/2023,01/01/2020,09/23/2023,By Total,New York City,All Sexes,40-49 years,1391.0,11045.0,850.0,79.0,1800.0
09/27/2023,01/01/2020,09/23/2023,By Total,New York City,All Sexes,45-54 years,2280.0,15810.0,1467.0,127.0,2989.0
09/27/2023,01/01/2020,09/23/2023,By Total,New York City,All Sexes,50-64 years,6918.0,43939.0,4737.0,333.0,9207.0
09/27/2023,01/01/2020,09/23/2023,By Total,New York City,All Sexes,55-64 years,5511.0,34314.0,3809.0,258.0,7352.0
09/27/2023,01/01/2020,09/23/2023,By Total,New York City,All Sexes,65-74 years,8836.0,48806.0,6210.0,281.0,11823.0
09/27/2023,01/01/2020,09/23/2023,By Total,New York City,All Sexes,75-84 years,9952.0,56541.0,7559.0,250.0,13882.0
09/27/2023,01/01/2020,09/23/2023,By Total,New York City,All Sexes,85 years and over,10262.0,71539.0,8429.0,260.0,15082.0
09/27/2023,01/01/2020,09/23/2023,By Total,New York City,Male,All Ages,21624.0,128740.0,15725.0,738.0,29588.0
09/27/2023,01/01/2020,09/23/2023,By Total,New York City,Male,18-29 years,108.0,2829.0,80.0,10.0,166.0
09/27/2023,01/01/2020,09/23/2023,By Total,New York City,Male,25-34 years,216.0,3846.0,151.0,12.0,306.0
09/27/2023,01/01/2020,09/23/2023,By Total,New York City,Male,30-39 years,429.0,5112.0,254.0,18.0,566.0
09/27/2023,01/01/2020,09/23/2023,By Total,New York City,Male,35-44 years,640.0,6172.0,347.0,33.0,809.0
09/27/2023,01/01/2020,09/23/2023,By Total,New York City,Male,40-49 years,958.0,7413.0,550.0,57.0,1212.0
09/27/2023,01/01/2020,09/23/2023,By Total,New York City,Male,45-54 years,1579.0,10323.0,964.0,89.0,2018.0
09/27/2023,01/01/2020,09/23/2023,By Total,New York City,Male,50-64 years,4590.0,27941.0,3048.0,225.0,6027.0
09/27/2023,01/01/2020,09/23/2023,By Total,New York City,Male,55-64 years,3608.0,21699.0,2437.0,172.0,4771.0
09/27/2023,01/01/2020,09/23/2023,By Total,New York City,Male,65-74 years,5471.0,28571.0,3814.0,169.0,7289.0
09/27/2023,01/01/2020,09/23/2023,By Total,New York City,Male,75-84 years,5563.0,28862.0,4187.0,140.0,7696.0
09/27/2023,01/01/2020,09/23/2023,By Total,New York City,Male,85 years and over,4478.0,26608.0,3759.0,113.0,6571.0
09/27/2023,01/01/2020,09/23/2023,By Total,New York City,Female,All Ages,16543.0,116719.0,12607.0,513.0,23371.0
09/27/2023,01/01/2020,09/23/2023,By Total,New York City,Female,25-34 years,115.0,1517.0,85.0,10.0,174.0
09/27/2023,01/01/2020,09/23/2023,By Total,New York City,Female,40-49 years,433.0,3632.0,300.0,22.0,588.0
09/27/2023,01/01/2020,09/23/2023,By Total,New York City,Female,45-54 years,701.0,5487.0,503.0,38.0,971.0
09/27/2023,01/01/2020,09/23/2023,By Total,New York City,Female,50-64 years,2328.0,15998.0,1689.0,108.0,3180.0
09/27/2023,01/01/2020,09/23/2023,By Total,New York City,Female,55-64 years,1903.0,12615.0,1372.0,86.0,2581.0
09/27/2023,01/01/2020,09/23/2023,By Total,New York City,Female,65-74 years,3365.0,20235.0,2396.0,112.0,4534.0
09/27/2023,01/01/2020,09/23/2023,By Total,New York City,Female,75-84 years,4389.0,27679.0,3372.0,110.0,6186.0
09/27/2023,01/01/2020,09/23/2023,By Total,New York City,Female,85 years and over,5784.0,44931.0,4670.0,147.0,8511.0
09/27/2023,01/01/2020,09/23/2023,By Total,North Carolina,All Sexes,All Ages,34383.0,417304.0,38593.0,728.0,55617.0
09/27/2023,01/01/2020,09/23/2023,By Total,North Carolina,All Sexes,0-17 years,46.0,5021.0,81.0,18.0,134.0
09/27/2023,01/01/2020,09/23/2023,By Total,North Carolina,All Sexes,18-29 years,193.0,9029.0,205.0,13.0,309.0
09/27/2023,01/01/2020,09/23/2023,By Total,North Carolina,All Sexes,25-34 years,362.0,10624.0,365.0,14.0,550.0
09/27/2023,01/01/2020,09/23/2023,By Total,North Carolina,All Sexes,30-39 years,577.0,12433.0,565.0,15.0,848.0
09/27/2023,01/01/2020,09/23/2023,By Total,North Carolina,All Sexes,35-44 years,876.0,14620.0,813.0,17.0,1251.0
09/27/2023,01/01/2020,09/23/2023,By Total,North Carolina,All Sexes,40-49 years,1386.0,18346.0,1269.0,31.0,1954.0
09/27/2023,01/01/2020,09/23/2023,By Total,North Carolina,All Sexes,45-54 years,2187.0,25841.0,2121.0,57.0,3129.0
09/27/2023,01/01/2020,09/23/2023,By Total,North Carolina,All Sexes,50-64 years,6324.0,72169.0,6916.0,161.0,9748.0
09/27/2023,01/01/2020,09/23/2023,By Total,North Carolina,All Sexes,55-64 years,4985.0,56555.0,5580.0,125.0,7808.0
09/27/2023,01/01/2020,09/23/2023,By Total,North Carolina,All Sexes,65-74 years,7956.0,88170.0,9364.0,162.0,12849.0
09/27/2023,01/01/2020,09/23/2023,By Total,North Carolina,All Sexes,75-84 years,9218.0,105481.0,10815.0,162.0,15354.0
09/27/2023,01/01/2020,09/23/2023,By Total,North Carolina,All Sexes,85 years and over,8683.0,106655.0,9378.0,166.0,14421.0
09/27/2023,01/01/2020,09/23/2023,By Total,North Carolina,Male,All Ages,18074.0,216569.0,20715.0,336.0,29207.0
09/27/2023,01/01/2020,09/23/2023,By Total,North Carolina,Male,0-17 years,28.0,2941.0,53.0,10.0,84.0
09/27/2023,01/01/2020,09/23/2023,By Total,North Carolina,Male,30-39 years,327.0,8289.0,305.0,10.0,472.0
09/27/2023,01/01/2020,09/23/2023,By Total,North Carolina,Male,35-44 years,500.0,9356.0,441.0,12.0,697.0
09/27/2023,01/01/2020,09/23/2023,By Total,North Carolina,Male,40-49 years,826.0,11442.0,725.0,16.0,1130.0
09/27/2023,01/01/2020,09/23/2023,By Total,North Carolina,Male,45-54 years,1330.0,15965.0,1229.0,26.0,1841.0
09/27/2023,01/01/2020,09/23/2023,By Total,North Carolina,Male,50-64 years,3702.0,43579.0,3955.0,83.0,5619.0
09/27/2023,01/01/2020,09/23/2023,By Total,North Carolina,Male,55-64 years,2891.0,33949.0,3185.0,67.0,4481.0
09/27/2023,01/01/2020,09/23/2023,By Total,North Carolina,Male,65-74 years,4502.0,50107.0,5302.0,74.0,7265.0
09/27/2023,01/01/2020,09/23/2023,By Total,North Carolina,Male,75-84 years,4958.0,53519.0,6001.0,75.0,8312.0
09/27/2023,01/01/2020,09/23/2023,By Total,North Carolina,Male,85 years and over,3628.0,40208.0,4259.0,64.0,6156.0
09/27/2023,01/01/2020,09/23/2023,By Total,North Carolina,Female,All Ages,16309.0,200735.0,17878.0,392.0,26410.0
09/27/2023,01/01/2020,09/23/2023,By Total,North Carolina,Female,40-49 years,560.0,6904.0,544.0,15.0,824.0
09/27/2023,01/01/2020,09/23/2023,By Total,North Carolina,Female,45-54 years,857.0,9876.0,892.0,31.0,1288.0
09/27/2023,01/01/2020,09/23/2023,By Total,North Carolina,Female,50-64 years,2622.0,28590.0,2961.0,78.0,4129.0
09/27/2023,01/01/2020,09/23/2023,By Total,North Carolina,Female,55-64 years,2094.0,22606.0,2395.0,58.0,3327.0
09/27/2023,01/01/2020,09/23/2023,By Total,North Carolina,Female,65-74 years,3454.0,38063.0,4062.0,88.0,5584.0
09/27/2023,01/01/2020,09/23/2023,By Total,North Carolina,Female,75-84 years,4260.0,51962.0,4814.0,87.0,7042.0
09/27/2023,01/01/2020,09/23/2023,By Total,North Carolina,Female,85 years and over,5055.0,66447.0,5119.0,102.0,8265.0
09/27/2023,01/01/2020,09/23/2023,By Total,North Dakota,All Sexes,All Ages,3101.0,29913.0,3427.0,93.0,4995.0
09/27/2023,01/01/2020,09/23/2023,By Total,North Dakota,All Sexes,50-64 years,437.0,4470.0,526.0,17.0,722.0
09/27/2023,01/01/2020,09/23/2023,By Total,North Dakota,All Sexes,55-64 years,350.0,3575.0,412.0,11.0,569.0
09/27/2023,01/01/2020,09/23/2023,By Total,North Dakota,All Sexes,65-74 years,622.0,5646.0,776.0,14.0,1036.0
09/27/2023,01/01/2020,09/23/2023,By Total,North Dakota,All Sexes,75-84 years,789.0,6962.0,917.0,25.0,1283.0
09/27/2023,01/01/2020,09/23/2023,By Total,North Dakota,All Sexes,85 years and over,1090.0,9698.0,1010.0,25.0,1667.0
09/27/2023,01/01/2020,09/23/2023,By Total,North Dakota,Male,All Ages,1766.0,16093.0,1986.0,39.0,2802.0
09/27/2023,01/01/2020,09/23/2023,By Total,North Dakota,Male,50-64 years,303.0,2789.0,339.0,10.0,473.0
09/27/2023,01/01/2020,09/23/2023,By Total,North Dakota,Male,85 years and over,512.0,4000.0,504.0,10.0,783.0
09/27/2023,01/01/2020,09/23/2023,By Total,North Dakota,Female,All Ages,1335.0,13820.0,1441.0,54.0,2193.0
09/27/2023,01/01/2020,09/23/2023,By Total,North Dakota,Female,75-84 years,351.0,3149.0,380.0,16.0,558.0
09/27/2023,01/01/2020,09/23/2023,By Total,North Dakota,Female,85 years and over,578.0,5698.0,506.0,15.0,884.0
09/27/2023,01/01/2020,09/23/2023,By Total,Ohio,All Sexes,All Ages,49729.0,517794.0,45127.0,860.0,71582.0
09/27/2023,01/01/2020,09/23/2023,By Total,Ohio,All Sexes,0-17 years,71.0,5651.0,149.0,19.0,218.0
09/27/2023,01/01/2020,09/23/2023,By Total,Ohio,All Sexes,5-14 years,16.0,895.0,36.0,10.0,55.0
09/27/2023,01/01/2020,09/23/2023,By Total,Ohio,All Sexes,18-29 years,199.0,8801.0,217.0,24.0,348.0
09/27/2023,01/01/2020,09/23/2023,By Total,Ohio,All Sexes,25-34 years,381.0,11228.0,359.0,28.0,600.0
09/27/2023,01/01/2020,09/23/2023,By Total,Ohio,All Sexes,30-39 years,627.0,14014.0,597.0,22.0,935.0
09/27/2023,01/01/2020,09/23/2023,By Total,Ohio,All Sexes,35-44 years,947.0,16597.0,889.0,23.0,1360.0
09/27/2023,01/01/2020,09/23/2023,By Total,Ohio,All Sexes,40-49 years,1393.0,20375.0,1323.0,31.0,2027.0
09/27/2023,01/01/2020,09/23/2023,By Total,Ohio,All Sexes,45-54 years,2351.0,28587.0,2341.0,53.0,3453.0
09/27/2023,01/01/2020,09/23/2023,By Total,Ohio,All Sexes,50-64 years,7698.0,85508.0,7819.0,175.0,11432.0
09/27/2023,01/01/2020,09/23/2023,By Total,Ohio,All Sexes,55-64 years,6166.0,68178.0,6282.0,142.0,9197.0
09/27/2023,01/01/2020,09/23/2023,By Total,Ohio,All Sexes,65-74 years,11166.0,108442.0,11014.0,197.0,16336.0
09/27/2023,01/01/2020,09/23/2023,By Total,Ohio,All Sexes,75-84 years,13767.0,127346.0,12488.0,211.0,19657.0
09/27/2023,01/01/2020,09/23/2023,By Total,Ohio,All Sexes,85 years and over,14808.0,147657.0,11520.0,181.0,20629.0
09/27/2023,01/01/2020,09/23/2023,By Total,Ohio,Male,All Ages,26285.0,267065.0,24667.0,396.0,37868.0
09/27/2023,01/01/2020,09/23/2023,By Total,Ohio,Male,0-17 years,41.0,3274.0,84.0,11.0,126.0
09/27/2023,01/01/2020,09/23/2023,By Total,Ohio,Male,18-29 years,120.0,6237.0,136.0,14.0,213.0
09/27/2023,01/01/2020,09/23/2023,By Total,Ohio,Male,25-34 years,226.0,7662.0,226.0,14.0,354.0
09/27/2023,01/01/2020,09/23/2023,By Total,Ohio,Male,40-49 years,801.0,12817.0,743.0,16.0,1159.0
09/27/2023,01/01/2020,09/23/2023,By Total,Ohio,Male,45-54 years,1391.0,17550.0,1326.0,25.0,1984.0
09/27/2023,01/01/2020,09/23/2023,By Total,Ohio,Male,50-64 years,4547.0,51816.0,4519.0,87.0,6671.0
09/27/2023,01/01/2020,09/23/2023,By Total,Ohio,Male,55-64 years,3626.0,41277.0,3644.0,73.0,5382.0
09/27/2023,01/01/2020,09/23/2023,By Total,Ohio,Male,65-74 years,6531.0,62066.0,6398.0,104.0,9504.0
09/27/2023,01/01/2020,09/23/2023,By Total,Ohio,Male,75-84 years,7526.0,64548.0,7008.0,88.0,10670.0
09/27/2023,01/01/2020,09/23/2023,By Total,Ohio,Male,85 years and over,6353.0,57080.0,5415.0,69.0,8977.0
09/27/2023,01/01/2020,09/23/2023,By Total,Ohio,Female,All Ages,23444.0,250729.0,20460.0,464.0,33714.0
09/27/2023,01/01/2020,09/23/2023,By Total,Ohio,Female,Under 1 year,14.0,1557.0,33.0,0.0,41.0
09/27/2023,01/01/2020,09/23/2023,By Total,Ohio,Female,18-29 years,79.0,2564.0,81.0,10.0,135.0
09/27/2023,01/01/2020,09/23/2023,By Total,Ohio,Female,25-34 years,155.0,3566.0,133.0,14.0,246.0
09/27/2023,01/01/2020,09/23/2023,By Total,Ohio,Female,30-39 years,261.0,4787.0,233.0,15.0,387.0
09/27/2023,01/01/2020,09/23/2023,By Total,Ohio,Female,35-44 years,400.0,5944.0,376.0,14.0,572.0
09/27/2023,01/01/2020,09/23/2023,By Total,Ohio,Female,40-49 years,592.0,7558.0,580.0,15.0,868.0
09/27/2023,01/01/2020,09/23/2023,By Total,Ohio,Female,45-54 years,960.0,11037.0,1015.0,28.0,1469.0
09/27/2023,01/01/2020,09/23/2023,By Total,Ohio,Female,50-64 years,3151.0,33692.0,3300.0,88.0,4761.0
09/27/2023,01/01/2020,09/23/2023,By Total,Ohio,Female,55-64 years,2540.0,26901.0,2638.0,69.0,3815.0
09/27/2023,01/01/2020,09/23/2023,By Total,Ohio,Female,65-74 years,4635.0,46376.0,4616.0,93.0,6832.0
09/27/2023,01/01/2020,09/23/2023,By Total,Ohio,Female,75-84 years,6241.0,62798.0,5480.0,123.0,8987.0
09/27/2023,01/01/2020,09/23/2023,By Total,Ohio,Female,85 years and over,8455.0,90577.0,6105.0,112.0,11652.0
09/27/2023,01/01/2020,09/23/2023,By Total,Oklahoma,All Sexes,All Ages,18520.0,171792.0,18621.0,492.0,29464.0
09/27/2023,01/01/2020,09/23/2023,By Total,Oklahoma,All Sexes,25-34 years,214.0,3726.0,213.0,13.0,345.0
09/27/2023,01/01/2020,09/23/2023,By Total,Oklahoma,All Sexes,30-39 years,352.0,4891.0,338.0,15.0,542.0
09/27/2023,01/01/2020,09/23/2023,By Total,Oklahoma,All Sexes,35-44 years,551.0,6247.0,523.0,18.0,844.0
09/27/2023,01/01/2020,09/23/2023,By Total,Oklahoma,All Sexes,40-49 years,866.0,7931.0,775.0,19.0,1271.0
09/27/2023,01/01/2020,09/23/2023,By Total,Oklahoma,All Sexes,45-54 years,1309.0,10864.0,1133.0,32.0,1854.0
09/27/2023,01/01/2020,09/23/2023,By Total,Oklahoma,All Sexes,50-64 years,3562.0,31161.0,3579.0,108.0,5537.0
09/27/2023,01/01/2020,09/23/2023,By Total,Oklahoma,All Sexes,55-64 years,2796.0,24738.0,2916.0,84.0,4456.0
09/27/2023,01/01/2020,09/23/2023,By Total,Oklahoma,All Sexes,65-74 years,4375.0,38162.0,4758.0,132.0,7198.0
09/27/2023,01/01/2020,09/23/2023,By Total,Oklahoma,All Sexes,75-84 years,4894.0,43130.0,5040.0,126.0,7895.0
09/27/2023,01/01/2020,09/23/2023,By Total,Oklahoma,All Sexes,85 years and over,4287.0,41265.0,3911.0,77.0,6676.0
09/27/2023,01/01/2020,09/23/2023,By Total,Oklahoma,Male,All Ages,10095.0,90466.0,10212.0,247.0,15920.0
09/27/2023,01/01/2020,09/23/2023,By Total,Oklahoma,Male,15-24 years,34.0,1339.0,45.0,0.0,59.0
09/27/2023,01/01/2020,09/23/2023,By Total,Oklahoma,Male,40-49 years,507.0,4970.0,443.0,10.0,732.0
09/27/2023,01/01/2020,09/23/2023,By Total,Oklahoma,Male,45-54 years,770.0,6676.0,648.0,24.0,1083.0
09/27/2023,01/01/2020,09/23/2023,By Total,Oklahoma,Male,50-64 years,2143.0,18858.0,2039.0,70.0,3231.0
09/27/2023,01/01/2020,09/23/2023,By Total,Oklahoma,Male,55-64 years,1694.0,14929.0,1659.0,50.0,2598.0
09/27/2023,01/01/2020,09/23/2023,By Total,Oklahoma,Male,65-74 years,2486.0,21470.0,2643.0,67.0,4013.0
09/27/2023,01/01/2020,09/23/2023,By Total,Oklahoma,Male,75-84 years,2673.0,22055.0,2838.0,60.0,4329.0
09/27/2023,01/01/2020,09/23/2023,By Total,Oklahoma,Male,85 years and over,1986.0,16463.0,1921.0,27.0,3108.0
09/27/2023,01/01/2020,09/23/2023,By Total,Oklahoma,Female,All Ages,8425.0,81326.0,8409.0,245.0,13544.0
09/27/2023,01/01/2020,09/23/2023,By Total,Oklahoma,Female,30-39 years,154.0,1666.0,138.0,10.0,234.0
09/27/2023,01/01/2020,09/23/2023,By Total,Oklahoma,Female,50-64 years,1419.0,12303.0,1540.0,38.0,2306.0
09/27/2023,01/01/2020,09/23/2023,By Total,Oklahoma,Female,55-64 years,1102.0,9809.0,1257.0,34.0,1858.0
09/27/2023,01/01/2020,09/23/2023,By Total,Oklahoma,Female,65-74 years,1889.0,16692.0,2115.0,65.0,3185.0
09/27/2023,01/01/2020,09/23/2023,By Total,Oklahoma,Female,75-84 years,2221.0,21075.0,2202.0,66.0,3566.0
09/27/2023,01/01/2020,09/23/2023,By Total,Oklahoma,Female,85 years and over,2301.0,24802.0,1990.0,50.0,3568.0
09/27/2023,01/01/2020,09/23/2023,By Total,Oregon,All Sexes,All Ages,9232.0,158968.0,9328.0,345.0,15180.0
09/27/2023,01/01/2020,09/23/2023,By Total,Oregon,All Sexes,0-17 years,16.0,1263.0,19.0,10.0,42.0
09/27/2023,01/01/2020,09/23/2023,By Total,Oregon,All Sexes,30-39 years,145.0,4092.0,113.0,16.0,226.0
09/27/2023,01/01/2020,09/23/2023,By Total,Oregon,All Sexes,35-44 years,240.0,4879.0,199.0,13.0,351.0
09/27/2023,01/01/2020,09/23/2023,By Total,Oregon,All Sexes,40-49 years,354.0,5926.0,285.0,12.0,500.0
09/27/2023,01/01/2020,09/23/2023,By Total,Oregon,All Sexes,45-54 years,523.0,8186.0,427.0,21.0,754.0
09/27/2023,01/01/2020,09/23/2023,By Total,Oregon,All Sexes,50-64 years,1502.0,23704.0,1499.0,51.0,2334.0
09/27/2023,01/01/2020,09/23/2023,By Total,Oregon,All Sexes,55-64 years,1182.0,18738.0,1234.0,38.0,1868.0
09/27/2023,01/01/2020,09/23/2023,By Total,Oregon,All Sexes,65-74 years,1887.0,33123.0,2208.0,72.0,3285.0
09/27/2023,01/01/2020,09/23/2023,By Total,Oregon,All Sexes,75-84 years,2479.0,40904.0,2586.0,86.0,4149.0
09/27/2023,01/01/2020,09/23/2023,By Total,Oregon,All Sexes,85 years and over,2805.0,47303.0,2584.0,97.0,4574.0
09/27/2023,01/01/2020,09/23/2023,By Total,Oregon,Male,All Ages,5083.0,84554.0,5242.0,171.0,8321.0
09/27/2023,01/01/2020,09/23/2023,By Total,Oregon,Male,18-29 years,25.0,1964.0,18.0,0.0,36.0
09/27/2023,01/01/2020,09/23/2023,By Total,Oregon,Male,30-39 years,86.0,2805.0,62.0,10.0,131.0
09/27/2023,01/01/2020,09/23/2023,By Total,Oregon,Male,35-44 years,146.0,3260.0,117.0,11.0,212.0
09/27/2023,01/01/2020,09/23/2023,By Total,Oregon,Male,45-54 years,341.0,5190.0,256.0,13.0,473.0
09/27/2023,01/01/2020,09/23/2023,By Total,Oregon,Male,50-64 years,938.0,14613.0,858.0,31.0,1395.0
09/27/2023,01/01/2020,09/23/2023,By Total,Oregon,Male,55-64 years,729.0,11501.0,701.0,23.0,1104.0
09/27/2023,01/01/2020,09/23/2023,By Total,Oregon,Male,65-74 years,1085.0,19234.0,1277.0,34.0,1900.0
09/27/2023,01/01/2020,09/23/2023,By Total,Oregon,Male,75-84 years,1413.0,21890.0,1502.0,41.0,2346.0
09/27/2023,01/01/2020,09/23/2023,By Total,Oregon,Male,85 years and over,1300.0,19407.0,1343.0,40.0,2178.0
09/27/2023,01/01/2020,09/23/2023,By Total,Oregon,Female,All Ages,4149.0,74414.0,4086.0,174.0,6859.0
09/27/2023,01/01/2020,09/23/2023,By Total,Oregon,Female,50-64 years,564.0,9091.0,641.0,20.0,939.0
09/27/2023,01/01/2020,09/23/2023,By Total,Oregon,Female,55-64 years,453.0,7237.0,533.0,15.0,764.0
09/27/2023,01/01/2020,09/23/2023,By Total,Oregon,Female,65-74 years,802.0,13889.0,931.0,38.0,1385.0
09/27/2023,01/01/2020,09/23/2023,By Total,Oregon,Female,75-84 years,1066.0,19014.0,1084.0,45.0,1803.0
09/27/2023,01/01/2020,09/23/2023,By Total,Oregon,Female,85 years and over,1505.0,27896.0,1241.0,57.0,2396.0
09/27/2023,01/01/2020,09/23/2023,By Total,Pennsylvania,All Sexes,All Ages,53049.0,557522.0,45898.0,947.0,76833.0
09/27/2023,01/01/2020,09/23/2023,By Total,Pennsylvania,All Sexes,Under 1 year,15.0,2833.0,38.0,0.0,52.0
09/27/2023,01/01/2020,09/23/2023,By Total,Pennsylvania,All Sexes,0-17 years,50.0,4905.0,89.0,11.0,138.0
09/27/2023,01/01/2020,09/23/2023,By Total,Pennsylvania,All Sexes,25-34 years,303.0,10681.0,321.0,11.0,503.0
09/27/2023,01/01/2020,09/23/2023,By Total,Pennsylvania,All Sexes,30-39 years,530.0,13310.0,494.0,19.0,807.0
09/27/2023,01/01/2020,09/23/2023,By Total,Pennsylvania,All Sexes,35-44 years,831.0,15355.0,731.0,24.0,1201.0
09/27/2023,01/01/2020,09/23/2023,By Total,Pennsylvania,All Sexes,40-49 years,1352.0,18435.0,1157.0,26.0,1884.0
09/27/2023,01/01/2020,09/23/2023,By Total,Pennsylvania,All Sexes,45-54 years,2329.0,26844.0,1982.0,44.0,3231.0
09/27/2023,01/01/2020,09/23/2023,By Total,Pennsylvania,All Sexes,50-64 years,7562.0,82869.0,6821.0,175.0,10859.0
09/27/2023,01/01/2020,09/23/2023,By Total,Pennsylvania,All Sexes,55-64 years,6079.0,66252.0,5557.0,144.0,8789.0
09/27/2023,01/01/2020,09/23/2023,By Total,Pennsylvania,All Sexes,65-74 years,10884.0,109573.0,10376.0,162.0,15961.0
09/27/2023,01/01/2020,09/23/2023,By Total,Pennsylvania,All Sexes,75-84 years,14120.0,137928.0,12729.0,270.0,20665.0
09/27/2023,01/01/2020,09/23/2023,By Total,Pennsylvania,All Sexes,85 years and over,18364.0,182067.0,14036.0,278.0,26199.0
09/27/2023,01/01/2020,09/23/2023,By Total,Pennsylvania,Male,All Ages,27738.0,284607.0,24938.0,442.0,40182.0
09/27/2023,01/01/2020,09/23/2023,By Total,Pennsylvania,Male,40-49 years,796.0,11519.0,681.0,13.0,1104.0
09/27/2023,01/01/2020,09/23/2023,By Total,Pennsylvania,Male,45-54 years,1419.0,16594.0,1156.0,24.0,1911.0
09/27/2023,01/01/2020,09/23/2023,By Total,Pennsylvania,Male,50-64 years,4606.0,50602.0,3964.0,91.0,6443.0
09/27/2023,01/01/2020,09/23/2023,By Total,Pennsylvania,Male,55-64 years,3681.0,40335.0,3229.0,74.0,5205.0
09/27/2023,01/01/2020,09/23/2023,By Total,Pennsylvania,Male,65-74 years,6405.0,63483.0,6075.0,93.0,9357.0
09/27/2023,01/01/2020,09/23/2023,By Total,Pennsylvania,Male,75-84 years,7762.0,71218.0,7279.0,124.0,11424.0
09/27/2023,01/01/2020,09/23/2023,By Total,Pennsylvania,Male,85 years and over,7699.0,69533.0,6482.0,105.0,11108.0
09/27/2023,01/01/2020,09/23/2023,By Total,Pennsylvania,Female,All Ages,25311.0,272915.0,20960.0,505.0,36651.0
09/27/2023,01/01/2020,09/23/2023,By Total,Pennsylvania,Female,30-39 years,199.0,4128.0,196.0,11.0,319.0
09/27/2023,01/01/2020,09/23/2023,By Total,Pennsylvania,Female,35-44 years,330.0,5317.0,306.0,15.0,494.0
09/27/2023,01/01/2020,09/23/2023,By Total,Pennsylvania,Female,40-49 years,556.0,6916.0,476.0,13.0,780.0
09/27/2023,01/01/2020,09/23/2023,By Total,Pennsylvania,Female,45-54 years,910.0,10250.0,826.0,20.0,1320.0
09/27/2023,01/01/2020,09/23/2023,By Total,Pennsylvania,Female,50-64 years,2956.0,32267.0,2857.0,84.0,4416.0
09/27/2023,01/01/2020,09/23/2023,By Total,Pennsylvania,Female,55-64 years,2398.0,25917.0,2328.0,70.0,3584.0
09/27/2023,01/01/2020,09/23/2023,By Total,Pennsylvania,Female,65-74 years,4479.0,46090.0,4301.0,69.0,6604.0
09/27/2023,01/01/2020,09/23/2023,By Total,Pennsylvania,Female,75-84 years,6358.0,66710.0,5450.0,146.0,9241.0
09/27/2023,01/01/2020,09/23/2023,By Total,Pennsylvania,Female,85 years and over,10665.0,112534.0,7554.0,173.0,15091.0
09/27/2023,01/01/2020,09/23/2023,By Total,Rhode Island,All Sexes,All Ages,4083.0,42462.0,3356.0,77.0,5750.0
09/27/2023,01/01/2020,09/23/2023,By Total,Rhode Island,All Sexes,45-54 years,129.0,1916.0,139.0,0.0,192.0
09/27/2023,01/01/2020,09/23/2023,By Total,Rhode Island,All Sexes,65-74 years,782.0,7814.0,661.0,13.0,1062.0
09/27/2023,01/01/2020,09/23/2023,By Total,Rhode Island,All Sexes,75-84 years,1037.0,10259.0,894.0,18.0,1478.0
09/27/2023,01/01/2020,09/23/2023,By Total,Rhode Island,All Sexes,85 years and over,1689.0,15361.0,1233.0,37.0,2343.0
09/27/2023,01/01/2020,09/23/2023,By Total,Rhode Island,Male,All Ages,2070.0,21269.0,1754.0,31.0,2898.0
09/27/2023,01/01/2020,09/23/2023,By Total,Rhode Island,Male,30-39 years,23.0,606.0,13.0,0.0,28.0
09/27/2023,01/01/2020,09/23/2023,By Total,Rhode Island,Male,35-44 years,31.0,708.0,19.0,0.0,37.0
09/27/2023,01/01/2020,09/23/2023,By Total,Rhode Island,Male,40-49 years,46.0,860.0,36.0,0.0,63.0
09/27/2023,01/01/2020,09/23/2023,By Total,Rhode Island,Male,45-54 years,84.0,1219.0,84.0,0.0,121.0
09/27/2023,01/01/2020,09/23/2023,By Total,Rhode Island,Male,85 years and over,670.0,5798.0,565.0,14.0,957.0
09/27/2023,01/01/2020,09/23/2023,By Total,Rhode Island,Female,All Ages,2013.0,21193.0,1602.0,46.0,2852.0
09/27/2023,01/01/2020,09/23/2023,By Total,Rhode Island,Female,Under 1 year,0.0,82.0,0.0,0.0,0.0
09/27/2023,01/01/2020,09/23/2023,By Total,Rhode Island,Female,45-54 years,45.0,697.0,55.0,0.0,71.0
09/27/2023,01/01/2020,09/23/2023,By Total,Rhode Island,Female,75-84 years,473.0,5026.0,395.0,11.0,679.0
09/27/2023,01/01/2020,09/23/2023,By Total,Rhode Island,Female,85 years and over,1019.0,9563.0,668.0,23.0,1386.0
09/27/2023,01/01/2020,09/23/2023,By Total,South Carolina,All Sexes,All Ages,20842.0,224379.0,18831.0,362.0,31221.0
09/27/2023,01/01/2020,09/23/2023,By Total,South Carolina,All Sexes,0-17 years,45.0,2465.0,48.0,14.0,102.0
09/27/2023,01/01/2020,09/23/2023,By Total,South Carolina,All Sexes,35-44 years,579.0,8184.0,424.0,17.0,792.0
09/27/2023,01/01/2020,09/23/2023,By Total,South Carolina,All Sexes,40-49 years,909.0,10331.0,643.0,26.0,1222.0
09/27/2023,01/01/2020,09/23/2023,By Total,South Carolina,All Sexes,45-54 years,1375.0,14213.0,1088.0,34.0,1925.0
09/27/2023,01/01/2020,09/23/2023,By Total,South Carolina,All Sexes,50-64 years,3855.0,40029.0,3527.0,76.0,5720.0
09/27/2023,01/01/2020,09/23/2023,By Total,South Carolina,All Sexes,55-64 years,3030.0,31618.0,2813.0,57.0,4528.0
09/27/2023,01/01/2020,09/23/2023,By Total,South Carolina,All Sexes,65-74 years,5239.0,49477.0,4846.0,77.0,7790.0
09/27/2023,01/01/2020,09/23/2023,By Total,South Carolina,All Sexes,75-84 years,5721.0,56973.0,5338.0,93.0,8656.0
09/27/2023,01/01/2020,09/23/2023,By Total,South Carolina,All Sexes,85 years and over,4596.0,53388.0,4032.0,63.0,7028.0
09/27/2023,01/01/2020,09/23/2023,By Total,South Carolina,Male,All Ages,11260.0,118759.0,10315.0,176.0,16817.0
09/27/2023,01/01/2020,09/23/2023,By Total,South Carolina,Male,0-17 years,27.0,1424.0,29.0,11.0,64.0
09/27/2023,01/01/2020,09/23/2023,By Total,South Carolina,Male,45-54 years,799.0,8652.0,646.0,18.0,1117.0
09/27/2023,01/01/2020,09/23/2023,By Total,South Carolina,Male,50-64 years,2181.0,24120.0,2004.0,42.0,3260.0
09/27/2023,01/01/2020,09/23/2023,By Total,South Carolina,Male,55-64 years,1719.0,19018.0,1598.0,30.0,2593.0
09/27/2023,01/01/2020,09/23/2023,By Total,South Carolina,Male,65-74 years,2963.0,28454.0,2795.0,34.0,4438.0
09/27/2023,01/01/2020,09/23/2023,By Total,South Carolina,Male,75-84 years,3222.0,29662.0,3001.0,46.0,4818.0
09/27/2023,01/01/2020,09/23/2023,By Total,South Carolina,Male,85 years and over,2053.0,20611.0,1883.0,26.0,3123.0
09/27/2023,01/01/2020,09/23/2023,By Total,South Carolina,Female,All Ages,9582.0,105620.0,8516.0,186.0,14404.0
09/27/2023,01/01/2020,09/23/2023,By Total,South Carolina,Female,35-44 years,247.0,2963.0,194.0,12.0,351.0
09/27/2023,01/01/2020,09/23/2023,By Total,South Carolina,Female,40-49 years,376.0,3945.0,258.0,17.0,505.0
09/27/2023,01/01/2020,09/23/2023,By Total,South Carolina,Female,45-54 years,576.0,5561.0,442.0,16.0,808.0
09/27/2023,01/01/2020,09/23/2023,By Total,South Carolina,Female,50-64 years,1674.0,15909.0,1523.0,34.0,2460.0
09/27/2023,01/01/2020,09/23/2023,By Total,South Carolina,Female,55-64 years,1311.0,12600.0,1215.0,27.0,1935.0
09/27/2023,01/01/2020,09/23/2023,By Total,South Carolina,Female,65-74 years,2276.0,21023.0,2051.0,43.0,3352.0
09/27/2023,01/01/2020,09/23/2023,By Total,South Carolina,Female,75-84 years,2499.0,27311.0,2337.0,47.0,3838.0
09/27/2023,01/01/2020,09/23/2023,By Total,South Carolina,Female,85 years and over,2543.0,32777.0,2149.0,37.0,3905.0
09/27/2023,01/01/2020,09/23/2023,By Total,South Dakota,All Sexes,All Ages,3472.0,34467.0,3539.0,111.0,5523.0
09/27/2023,01/01/2020,09/23/2023,By Total,South Dakota,All Sexes,50-64 years,484.0,5124.0,574.0,14.0,790.0
09/27/2023,01/01/2020,09/23/2023,By Total,South Dakota,All Sexes,55-64 years,387.0,4068.0,465.0,13.0,635.0
09/27/2023,01/01/2020,09/23/2023,By Total,South Dakota,All Sexes,65-74 years,727.0,6730.0,844.0,20.0,1167.0
09/27/2023,01/01/2020,09/23/2023,By Total,South Dakota,All Sexes,75-84 years,880.0,8024.0,907.0,29.0,1423.0
09/27/2023,01/01/2020,09/23/2023,By Total,South Dakota,All Sexes,85 years and over,1197.0,11032.0,987.0,32.0,1816.0
09/27/2023,01/01/2020,09/23/2023,By Total,South Dakota,Male,All Ages,1894.0,18310.0,1985.0,46.0,2996.0
09/27/2023,01/01/2020,09/23/2023,By Total,South Dakota,Male,18-29 years,13.0,475.0,11.0,0.0,17.0
09/27/2023,01/01/2020,09/23/2023,By Total,South Dakota,Male,25-34 years,19.0,508.0,26.0,0.0,34.0
09/27/2023,01/01/2020,09/23/2023,By Total,South Dakota,Male,40-49 years,57.0,854.0,70.0,0.0,93.0
09/27/2023,01/01/2020,09/23/2023,By Total,South Dakota,Male,65-74 years,403.0,4024.0,477.0,10.0,660.0
09/27/2023,01/01/2020,09/23/2023,By Total,South Dakota,Male,75-84 years,527.0,4422.0,536.0,12.0,834.0
09/27/2023,01/01/2020,09/23/2023,By Total,South Dakota,Male,85 years and over,567.0,4516.0,505.0,10.0,850.0
09/27/2023,01/01/2020,09/23/2023,By Total,South Dakota,Female,All Ages,1578.0,16157.0,1554.0,65.0,2527.0
09/27/2023,01/01/2020,09/23/2023,By Total,South Dakota,Female,45-54 years,80.0,705.0,78.0,0.0,117.0
09/27/2023,01/01/2020,09/23/2023,By Total,South Dakota,Female,65-74 years,324.0,2706.0,367.0,10.0,507.0
09/27/2023,01/01/2020,09/23/2023,By Total,South Dakota,Female,75-84 years,353.0,3602.0,371.0,17.0,589.0
09/27/2023,01/01/2020,09/23/2023,By Total,South Dakota,Female,85 years and over,630.0,6516.0,482.0,22.0,966.0
09/27/2023,01/01/2020,09/23/2023,By Total,Tennessee,All Sexes,All Ages,30408.0,330056.0,33396.0,689.0,48825.0
09/27/2023,01/01/2020,09/23/2023,By Total,Tennessee,All Sexes,0-17 years,47.0,3971.0,97.0,16.0,147.0
09/27/2023,01/01/2020,09/23/2023,By Total,Tennessee,All Sexes,25-34 years,325.0,8743.0,335.0,14.0,516.0
09/27/2023,01/01/2020,09/23/2023,By Total,Tennessee,All Sexes,30-39 years,565.0,10925.0,559.0,19.0,851.0
09/27/2023,01/01/2020,09/23/2023,By Total,Tennessee,All Sexes,35-44 years,856.0,13367.0,881.0,27.0,1301.0
09/27/2023,01/01/2020,09/23/2023,By Total,Tennessee,All Sexes,40-49 years,1345.0,16851.0,1315.0,40.0,1966.0
09/27/2023,01/01/2020,09/23/2023,By Total,Tennessee,All Sexes,45-54 years,2223.0,23101.0,2186.0,59.0,3228.0
09/27/2023,01/01/2020,09/23/2023,By Total,Tennessee,All Sexes,50-64 years,6025.0,62388.0,6637.0,157.0,9389.0
09/27/2023,01/01/2020,09/23/2023,By Total,Tennessee,All Sexes,55-64 years,4646.0,48705.0,5237.0,120.0,7350.0
09/27/2023,01/01/2020,09/23/2023,By Total,Tennessee,All Sexes,65-74 years,7537.0,72608.0,8605.0,167.0,12217.0
09/27/2023,01/01/2020,09/23/2023,By Total,Tennessee,All Sexes,75-84 years,8244.0,82030.0,9207.0,169.0,13450.0
09/27/2023,01/01/2020,09/23/2023,By Total,Tennessee,All Sexes,85 years and over,6457.0,73949.0,6769.0,114.0,10487.0
09/27/2023,01/01/2020,09/23/2023,By Total,Tennessee,Male,All Ages,16382.0,174225.0,18169.0,337.0,26082.0
09/27/2023,01/01/2020,09/23/2023,By Total,Tennessee,Male,0-17 years,22.0,2382.0,48.0,10.0,73.0
09/27/2023,01/01/2020,09/23/2023,By Total,Tennessee,Male,30-39 years,321.0,7262.0,306.0,12.0,474.0
09/27/2023,01/01/2020,09/23/2023,By Total,Tennessee,Male,35-44 years,481.0,8659.0,481.0,12.0,714.0
09/27/2023,01/01/2020,09/23/2023,By Total,Tennessee,Male,40-49 years,777.0,10592.0,730.0,15.0,1100.0
09/27/2023,01/01/2020,09/23/2023,By Total,Tennessee,Male,45-54 years,1323.0,14140.0,1243.0,31.0,1873.0
09/27/2023,01/01/2020,09/23/2023,By Total,Tennessee,Male,50-64 years,3480.0,37478.0,3758.0,91.0,5375.0
09/27/2023,01/01/2020,09/23/2023,By Total,Tennessee,Male,55-64 years,2657.0,29175.0,2954.0,69.0,4181.0
09/27/2023,01/01/2020,09/23/2023,By Total,Tennessee,Male,65-74 years,4296.0,41227.0,4919.0,85.0,6927.0
09/27/2023,01/01/2020,09/23/2023,By Total,Tennessee,Male,75-84 years,4567.0,42004.0,5160.0,78.0,7354.0
09/27/2023,01/01/2020,09/23/2023,By Total,Tennessee,Male,85 years and over,2815.0,28046.0,3127.0,43.0,4598.0
09/27/2023,01/01/2020,09/23/2023,By Total,Tennessee,Female,All Ages,14026.0,155831.0,15227.0,352.0,22743.0
09/27/2023,01/01/2020,09/23/2023,By Total,Tennessee,Female,35-44 years,375.0,4708.0,400.0,15.0,587.0
09/27/2023,01/01/2020,09/23/2023,By Total,Tennessee,Female,40-49 years,568.0,6259.0,585.0,25.0,866.0
09/27/2023,01/01/2020,09/23/2023,By Total,Tennessee,Female,45-54 years,900.0,8961.0,943.0,28.0,1355.0
09/27/2023,01/01/2020,09/23/2023,By Total,Tennessee,Female,50-64 years,2545.0,24910.0,2879.0,66.0,4014.0
09/27/2023,01/01/2020,09/23/2023,By Total,Tennessee,Female,55-64 years,1989.0,19530.0,2283.0,51.0,3169.0
09/27/2023,01/01/2020,09/23/2023,By Total,Tennessee,Female,65-74 years,3241.0,31381.0,3686.0,82.0,5290.0
09/27/2023,01/01/2020,09/23/2023,By Total,Tennessee,Female,75-84 years,3677.0,40026.0,4047.0,91.0,6096.0
09/27/2023,01/01/2020,09/23/2023,By Total,Tennessee,Female,85 years and over,3642.0,45903.0,3642.0,71.0,5889.0
09/27/2023,01/01/2020,09/23/2023,By Total,Texas,All Sexes,All Ages,104421.0,931558.0,104650.0,1570.0,152183.0
09/27/2023,01/01/2020,09/23/2023,By Total,Texas,All Sexes,0-17 years,196.0,14096.0,316.0,36.0,499.0
09/27/2023,01/01/2020,09/23/2023,By Total,Texas,All Sexes,1-4 years,35.0,1588.0,96.0,15.0,140.0
09/27/2023,01/01/2020,09/23/2023,By Total,Texas,All Sexes,5-14 years,65.0,2313.0,88.0,16.0,150.0
09/27/2023,01/01/2020,09/23/2023,By Total,Texas,All Sexes,15-24 years,405.0,13599.0,386.0,18.0,622.0
09/27/2023,01/01/2020,09/23/2023,By Total,Texas,All Sexes,18-29 years,1006.0,21768.0,877.0,33.0,1419.0
09/27/2023,01/01/2020,09/23/2023,By Total,Texas,All Sexes,25-34 years,1780.0,23561.0,1463.0,48.0,2385.0
09/27/2023,01/01/2020,09/23/2023,By Total,Texas,All Sexes,30-39 years,2825.0,29263.0,2346.0,56.0,3724.0
09/27/2023,01/01/2020,09/23/2023,By Total,Texas,All Sexes,35-44 years,4310.0,36198.0,3568.0,73.0,5583.0
09/27/2023,01/01/2020,09/23/2023,By Total,Texas,All Sexes,40-49 years,6591.0,46113.0,5398.0,91.0,8423.0
09/27/2023,01/01/2020,09/23/2023,By Total,Texas,All Sexes,45-54 years,9311.0,63324.0,7936.0,113.0,12079.0
09/27/2023,01/01/2020,09/23/2023,By Total,Texas,All Sexes,50-64 years,23158.0,170536.0,21643.0,334.0,31748.0
09/27/2023,01/01/2020,09/23/2023,By Total,Texas,All Sexes,55-64 years,17819.0,133350.0,16959.0,265.0,24726.0
09/27/2023,01/01/2020,09/23/2023,By Total,Texas,All Sexes,65-74 years,25222.0,200000.0,26208.0,374.0,36765.0
09/27/2023,01/01/2020,09/23/2023,By Total,Texas,All Sexes,75-84 years,24966.0,224129.0,26839.0,368.0,37953.0
09/27/2023,01/01/2020,09/23/2023,By Total,Texas,All Sexes,85 years and over,20457.0,225653.0,21023.0,278.0,31652.0
09/27/2023,01/01/2020,09/23/2023,By Total,Texas,Male,All Ages,60072.0,499922.0,59397.0,769.0,86081.0
09/27/2023,01/01/2020,09/23/2023,By Total,Texas,Male,0-17 years,110.0,8240.0,179.0,15.0,274.0
09/27/2023,01/01/2020,09/23/2023,By Total,Texas,Male,18-29 years,593.0,15983.0,533.0,14.0,853.0
09/27/2023,01/01/2020,09/23/2023,By Total,Texas,Male,25-34 years,1136.0,16834.0,946.0,22.0,1509.0
09/27/2023,01/01/2020,09/23/2023,By Total,Texas,Male,30-39 years,1784.0,19965.0,1473.0,24.0,2317.0
09/27/2023,01/01/2020,09/23/2023,By Total,Texas,Male,35-44 years,2747.0,23639.0,2240.0,31.0,3512.0
09/27/2023,01/01/2020,09/23/2023,By Total,Texas,Male,40-49 years,4298.0,29386.0,3383.0,49.0,5377.0
09/27/2023,01/01/2020,09/23/2023,By Total,Texas,Male,45-54 years,6051.0,39821.0,4901.0,63.0,7640.0
09/27/2023,01/01/2020,09/23/2023,By Total,Texas,Male,50-64 years,14508.0,105142.0,13056.0,186.0,19512.0
09/27/2023,01/01/2020,09/23/2023,By Total,Texas,Male,55-64 years,11057.0,81842.0,10163.0,150.0,15093.0
09/27/2023,01/01/2020,09/23/2023,By Total,Texas,Male,65-74 years,15011.0,115299.0,15451.0,180.0,21681.0
09/27/2023,01/01/2020,09/23/2023,By Total,Texas,Male,75-84 years,14223.0,116327.0,15170.0,200.0,21370.0
09/27/2023,01/01/2020,09/23/2023,By Total,Texas,Male,85 years and over,9545.0,89580.0,10152.0,101.0,14697.0
09/27/2023,01/01/2020,09/23/2023,By Total,Texas,Female,All Ages,44349.0,431636.0,45253.0,801.0,66102.0
09/27/2023,01/01/2020,09/23/2023,By Total,Texas,Female,0-17 years,86.0,5856.0,137.0,21.0,225.0
09/27/2023,01/01/2020,09/23/2023,By Total,Texas,Female,5-14 years,29.0,981.0,37.0,10.0,67.0
09/27/2023,01/01/2020,09/23/2023,By Total,Texas,Female,15-24 years,188.0,3566.0,159.0,10.0,270.0
09/27/2023,01/01/2020,09/23/2023,By Total,Texas,Female,18-29 years,413.0,5785.0,344.0,19.0,566.0
09/27/2023,01/01/2020,09/23/2023,By Total,Texas,Female,25-34 years,644.0,6727.0,517.0,26.0,876.0
09/27/2023,01/01/2020,09/23/2023,By Total,Texas,Female,30-39 years,1041.0,9298.0,873.0,32.0,1407.0
09/27/2023,01/01/2020,09/23/2023,By Total,Texas,Female,35-44 years,1563.0,12559.0,1328.0,42.0,2071.0
09/27/2023,01/01/2020,09/23/2023,By Total,Texas,Female,40-49 years,2293.0,16727.0,2015.0,42.0,3046.0
09/27/2023,01/01/2020,09/23/2023,By Total,Texas,Female,45-54 years,3260.0,23503.0,3035.0,50.0,4439.0
09/27/2023,01/01/2020,09/23/2023,By Total,Texas,Female,50-64 years,8650.0,65394.0,8587.0,148.0,12236.0
09/27/2023,01/01/2020,09/23/2023,By Total,Texas,Female,55-64 years,6762.0,51508.0,6796.0,115.0,9633.0
09/27/2023,01/01/2020,09/23/2023,By Total,Texas,Female,65-74 years,10211.0,84701.0,10757.0,194.0,15084.0
09/27/2023,01/01/2020,09/23/2023,By Total,Texas,Female,75-84 years,10743.0,107802.0,11669.0,168.0,16583.0
09/27/2023,01/01/2020,09/23/2023,By Total,Texas,Female,85 years and over,10912.0,136073.0,10871.0,177.0,16955.0
09/27/2023,01/01/2020,09/23/2023,By Total,Utah,All Sexes,All Ages,5867.0,83772.0,6210.0,176.0,9432.0
09/27/2023,01/01/2020,09/23/2023,By Total,Utah,All Sexes,0-17 years,14.0,1675.0,43.0,10.0,65.0
09/27/2023,01/01/2020,09/23/2023,By Total,Utah,All Sexes,35-44 years,258.0,3560.0,230.0,10.0,374.0
09/27/2023,01/01/2020,09/23/2023,By Total,Utah,All Sexes,40-49 years,354.0,4206.0,325.0,14.0,512.0
09/27/2023,01/01/2020,09/23/2023,By Total,Utah,All Sexes,45-54 years,445.0,4932.0,407.0,18.0,648.0
09/27/2023,01/01/2020,09/23/2023,By Total,Utah,All Sexes,50-64 years,1085.0,12126.0,1091.0,35.0,1662.0
09/27/2023,01/01/2020,09/23/2023,By Total,Utah,All Sexes,55-64 years,833.0,9437.0,867.0,25.0,1295.0
09/27/2023,01/01/2020,09/23/2023,By Total,Utah,All Sexes,65-74 years,1321.0,15652.0,1441.0,29.0,2075.0
09/27/2023,01/01/2020,09/23/2023,By Total,Utah,All Sexes,75-84 years,1485.0,21195.0,1664.0,39.0,2461.0
09/27/2023,01/01/2020,09/23/2023,By Total,Utah,All Sexes,85 years and over,1361.0,24091.0,1424.0,38.0,2291.0
09/27/2023,01/01/2020,09/23/2023,By Total,Utah,Male,All Ages,3544.0,44476.0,3611.0,96.0,5453.0
09/27/2023,01/01/2020,09/23/2023,By Total,Utah,Male,40-49 years,225.0,2607.0,197.0,12.0,316.0
09/27/2023,01/01/2020,09/23/2023,By Total,Utah,Male,45-54 years,304.0,3042.0,255.0,13.0,414.0
09/27/2023,01/01/2020,09/23/2023,By Total,Utah,Male,50-64 years,703.0,7303.0,675.0,24.0,1026.0
09/27/2023,01/01/2020,09/23/2023,By Total,Utah,Male,55-64 years,521.0,5651.0,525.0,17.0,777.0
09/27/2023,01/01/2020,09/23/2023,By Total,Utah,Male,65-74 years,851.0,8983.0,881.0,19.0,1284.0
09/27/2023,01/01/2020,09/23/2023,By Total,Utah,Male,75-84 years,865.0,10884.0,943.0,16.0,1384.0
09/27/2023,01/01/2020,09/23/2023,By Total,Utah,Male,85 years and over,734.0,10399.0,756.0,13.0,1183.0
09/27/2023,01/01/2020,09/23/2023,By Total,Utah,Female,All Ages,2323.0,39296.0,2599.0,80.0,3979.0
09/27/2023,01/01/2020,09/23/2023,By Total,Utah,Female,50-64 years,382.0,4823.0,416.0,11.0,636.0
09/27/2023,01/01/2020,09/23/2023,By Total,Utah,Female,65-74 years,470.0,6669.0,560.0,10.0,791.0
09/27/2023,01/01/2020,09/23/2023,By Total,Utah,Female,75-84 years,620.0,10311.0,721.0,23.0,1077.0
09/27/2023,01/01/2020,09/23/2023,By Total,Utah,Female,85 years and over,627.0,13692.0,668.0,25.0,1108.0
09/27/2023,01/01/2020,09/23/2023,By Total,Vermont,All Sexes,All Ages,976.0,23816.0,1365.0,60.0,2079.0
09/27/2023,01/01/2020,09/23/2023,By Total,Vermont,All Sexes,1-4 years,0.0,13.0,0.0,0.0,0.0
09/27/2023,01/01/2020,09/23/2023,By Total,Vermont,All Sexes,5-14 years,0.0,23.0,0.0,0.0,0.0
09/27/2023,01/01/2020,09/23/2023,By Total,Vermont,All Sexes,75-84 years,288.0,6009.0,406.0,20.0,624.0
09/27/2023,01/01/2020,09/23/2023,By Total,Vermont,All Sexes,85 years and over,402.0,8036.0,491.0,26.0,809.0
09/27/2023,01/01/2020,09/23/2023,By Total,Vermont,Male,All Ages,522.0,12430.0,764.0,28.0,1119.0
09/27/2023,01/01/2020,09/23/2023,By Total,Vermont,Male,5-14 years,0.0,10.0,0.0,0.0,0.0
09/27/2023,01/01/2020,09/23/2023,By Total,Vermont,Male,35-44 years,12.0,427.0,15.0,0.0,19.0
09/27/2023,01/01/2020,09/23/2023,By Total,Vermont,Male,75-84 years,155.0,3180.0,246.0,10.0,358.0
09/27/2023,01/01/2020,09/23/2023,By Total,Vermont,Female,All Ages,454.0,11386.0,601.0,32.0,960.0
09/27/2023,01/01/2020,09/23/2023,By Total,Vermont,Female,Under 1 year,0.0,32.0,0.0,0.0,0.0
09/27/2023,01/01/2020,09/23/2023,By Total,Vermont,Female,0-17 years,0.0,54.0,0.0,0.0,0.0
09/27/2023,01/01/2020,09/23/2023,By Total,Vermont,Female,5-14 years,0.0,13.0,0.0,0.0,0.0
09/27/2023,01/01/2020,09/23/2023,By Total,Vermont,Female,45-54 years,11.0,394.0,11.0,0.0,18.0
09/27/2023,01/01/2020,09/23/2023,By Total,Vermont,Female,75-84 years,133.0,2829.0,160.0,10.0,266.0
09/27/2023,01/01/2020,09/23/2023,By Total,Vermont,Female,85 years and over,216.0,4837.0,262.0,17.0,448.0
09/27/2023,01/01/2020,09/23/2023,By Total,Virginia,All Sexes,All Ages,23148.0,301033.0,21015.0,430.0,34758.0
09/27/2023,01/01/2020,09/23/2023,By Total,Virginia,All Sexes,0-17 years,47.0,3305.0,42.0,17.0,99.0
09/27/2023,01/01/2020,09/23/2023,By Total,Virginia,All Sexes,30-39 years,324.0,8082.0,284.0,13.0,491.0
09/27/2023,01/01/2020,09/23/2023,By Total,Virginia,All Sexes,35-44 years,475.0,9558.0,405.0,15.0,685.0
09/27/2023,01/01/2020,09/23/2023,By Total,Virginia,All Sexes,40-49 years,751.0,11805.0,638.0,15.0,1051.0
09/27/2023,01/01/2020,09/23/2023,By Total,Virginia,All Sexes,45-54 years,1228.0,16654.0,1040.0,22.0,1695.0
09/27/2023,01/01/2020,09/23/2023,By Total,Virginia,All Sexes,50-64 years,3797.0,49005.0,3502.0,93.0,5535.0
09/27/2023,01/01/2020,09/23/2023,By Total,Virginia,All Sexes,55-64 years,3021.0,38934.0,2853.0,78.0,4474.0
09/27/2023,01/01/2020,09/23/2023,By Total,Virginia,All Sexes,65-74 years,5102.0,61153.0,5005.0,78.0,7697.0
09/27/2023,01/01/2020,09/23/2023,By Total,Virginia,All Sexes,75-84 years,6197.0,76564.0,5891.0,103.0,9493.0
09/27/2023,01/01/2020,09/23/2023,By Total,Virginia,All Sexes,85 years and over,6816.0,85489.0,5537.0,106.0,10198.0
09/27/2023,01/01/2020,09/23/2023,By Total,Virginia,Male,All Ages,12190.0,155519.0,11388.0,203.0,18286.0
09/27/2023,01/01/2020,09/23/2023,By Total,Virginia,Male,40-49 years,448.0,7374.0,375.0,10.0,622.0
09/27/2023,01/01/2020,09/23/2023,By Total,Virginia,Male,45-54 years,744.0,10221.0,596.0,12.0,992.0
09/27/2023,01/01/2020,09/23/2023,By Total,Virginia,Male,50-64 years,2295.0,29761.0,2002.0,45.0,3230.0
09/27/2023,01/01/2020,09/23/2023,By Total,Virginia,Male,55-64 years,1822.0,23611.0,1636.0,37.0,2613.0
09/27/2023,01/01/2020,09/23/2023,By Total,Virginia,Male,65-74 years,2877.0,34581.0,2794.0,42.0,4321.0
09/27/2023,01/01/2020,09/23/2023,By Total,Virginia,Male,75-84 years,3426.0,39297.0,3347.0,49.0,5255.0
09/27/2023,01/01/2020,09/23/2023,By Total,Virginia,Male,85 years and over,2873.0,33095.0,2618.0,43.0,4422.0
09/27/2023,01/01/2020,09/23/2023,By Total,Virginia,Female,All Ages,10958.0,145514.0,9627.0,227.0,16472.0
09/27/2023,01/01/2020,09/23/2023,By Total,Virginia,Female,0-17 years,25.0,1412.0,18.0,11.0,52.0
09/27/2023,01/01/2020,09/23/2023,By Total,Virginia,Female,45-54 years,484.0,6433.0,444.0,10.0,703.0
09/27/2023,01/01/2020,09/23/2023,By Total,Virginia,Female,50-64 years,1502.0,19244.0,1500.0,48.0,2305.0
09/27/2023,01/01/2020,09/23/2023,By Total,Virginia,Female,55-64 years,1199.0,15323.0,1217.0,41.0,1861.0
09/27/2023,01/01/2020,09/23/2023,By Total,Virginia,Female,65-74 years,2225.0,26572.0,2211.0,36.0,3376.0
09/27/2023,01/01/2020,09/23/2023,By Total,Virginia,Female,75-84 years,2771.0,37267.0,2544.0,54.0,4238.0
09/27/2023,01/01/2020,09/23/2023,By Total,Virginia,Female,85 years and over,3943.0,52394.0,2919.0,63.0,5776.0
09/27/2023,01/01/2020,09/23/2023,By Total,Washington,All Sexes,All Ages,15078.0,246807.0,19781.0,546.0,26546.0
09/27/2023,01/01/2020,09/23/2023,By Total,Washington,All Sexes,0-17 years,17.0,2519.0,62.0,14.0,85.0
09/27/2023,01/01/2020,09/23/2023,By Total,Washington,All Sexes,18-29 years,85.0,4658.0,131.0,10.0,174.0
09/27/2023,01/01/2020,09/23/2023,By Total,Washington,All Sexes,25-34 years,146.0,5644.0,208.0,13.0,271.0
09/27/2023,01/01/2020,09/23/2023,By Total,Washington,All Sexes,30-39 years,253.0,6968.0,318.0,17.0,426.0
09/27/2023,01/01/2020,09/23/2023,By Total,Washington,All Sexes,35-44 years,399.0,8231.0,505.0,19.0,669.0
09/27/2023,01/01/2020,09/23/2023,By Total,Washington,All Sexes,40-49 years,574.0,9678.0,709.0,23.0,925.0
09/27/2023,01/01/2020,09/23/2023,By Total,Washington,All Sexes,45-54 years,868.0,13431.0,1094.0,34.0,1421.0
09/27/2023,01/01/2020,09/23/2023,By Total,Washington,All Sexes,50-64 years,2437.0,38550.0,3390.0,102.0,4301.0
09/27/2023,01/01/2020,09/23/2023,By Total,Washington,All Sexes,55-64 years,1903.0,30310.0,2691.0,82.0,3398.0
09/27/2023,01/01/2020,09/23/2023,By Total,Washington,All Sexes,65-74 years,3342.0,50571.0,4696.0,110.0,5985.0
09/27/2023,01/01/2020,09/23/2023,By Total,Washington,All Sexes,75-84 years,3920.0,61336.0,5240.0,140.0,6979.0
09/27/2023,01/01/2020,09/23/2023,By Total,Washington,All Sexes,85 years and over,4450.0,72527.0,5235.0,130.0,7671.0
09/27/2023,01/01/2020,09/23/2023,By Total,Washington,Male,All Ages,8445.0,131232.0,11199.0,292.0,14736.0
09/27/2023,01/01/2020,09/23/2023,By Total,Washington,Male,40-49 years,365.0,6221.0,453.0,13.0,579.0
09/27/2023,01/01/2020,09/23/2023,By Total,Washington,Male,45-54 years,566.0,8481.0,687.0,20.0,888.0
09/27/2023,01/01/2020,09/23/2023,By Total,Washington,Male,50-64 years,1552.0,23710.0,2053.0,52.0,2608.0
09/27/2023,01/01/2020,09/23/2023,By Total,Washington,Male,55-64 years,1194.0,18523.0,1610.0,40.0,2038.0
09/27/2023,01/01/2020,09/23/2023,By Total,Washington,Male,65-74 years,2007.0,29445.0,2838.0,69.0,3600.0
09/27/2023,01/01/2020,09/23/2023,By Total,Washington,Male,75-84 years,2215.0,32475.0,2964.0,65.0,3909.0
09/27/2023,01/01/2020,09/23/2023,By Total,Washington,Male,85 years and over,2074.0,29654.0,2573.0,70.0,3615.0
09/27/2023,01/01/2020,09/23/2023,By Total,Washington,Female,All Ages,6633.0,115575.0,8582.0,254.0,11810.0
09/27/2023,01/01/2020,09/23/2023,By Total,Washington,Female,30-39 years,92.0,2123.0,115.0,10.0,160.0
09/27/2023,01/01/2020,09/23/2023,By Total,Washington,Female,35-44 years,139.0,2740.0,169.0,10.0,238.0
09/27/2023,01/01/2020,09/23/2023,By Total,Washington,Female,40-49 years,209.0,3457.0,256.0,10.0,346.0
09/27/2023,01/01/2020,09/23/2023,By Total,Washington,Female,45-54 years,302.0,4950.0,407.0,14.0,533.0
09/27/2023,01/01/2020,09/23/2023,By Total,Washington,Female,50-64 years,885.0,14840.0,1337.0,50.0,1693.0
09/27/2023,01/01/2020,09/23/2023,By Total,Washington,Female,55-64 years,709.0,11787.0,1081.0,42.0,1360.0
09/27/2023,01/01/2020,09/23/2023,By Total,Washington,Female,65-74 years,1335.0,21126.0,1858.0,41.0,2385.0
09/27/2023,01/01/2020,09/23/2023,By Total,Washington,Female,75-84 years,1705.0,28861.0,2276.0,75.0,3070.0
09/27/2023,01/01/2020,09/23/2023,By Total,Washington,Female,85 years and over,2376.0,42873.0,2662.0,60.0,4056.0
09/27/2023,01/01/2020,09/23/2023,By Total,West Virginia,All Sexes,All Ages,8339.0,98692.0,10709.0,203.0,14957.0
09/27/2023,01/01/2020,09/23/2023,By Total,West Virginia,All Sexes,15-24 years,13.0,739.0,21.0,0.0,26.0
09/27/2023,01/01/2020,09/23/2023,By Total,West Virginia,All Sexes,25-34 years,50.0,2224.0,59.0,10.0,102.0
09/27/2023,01/01/2020,09/23/2023,By Total,West Virginia,All Sexes,30-39 years,91.0,2986.0,109.0,11.0,176.0
09/27/2023,01/01/2020,09/23/2023,By Total,West Virginia,All Sexes,40-49 years,313.0,4849.0,399.0,10.0,551.0
09/27/2023,01/01/2020,09/23/2023,By Total,West Virginia,All Sexes,45-54 years,517.0,6480.0,646.0,15.0,868.0
09/27/2023,01/01/2020,09/23/2023,By Total,West Virginia,All Sexes,50-64 years,1441.0,17772.0,1886.0,39.0,2547.0
09/27/2023,01/01/2020,09/23/2023,By Total,West Virginia,All Sexes,55-64 years,1117.0,13969.0,1502.0,29.0,2023.0
09/27/2023,01/01/2020,09/23/2023,By Total,West Virginia,All Sexes,65-74 years,2105.0,22469.0,2850.0,45.0,3806.0
09/27/2023,01/01/2020,09/23/2023,By Total,West Virginia,All Sexes,75-84 years,2372.0,25073.0,3105.0,54.0,4295.0
09/27/2023,01/01/2020,09/23/2023,By Total,West Virginia,All Sexes,85 years and over,1985.0,23281.0,2305.0,38.0,3505.0
09/27/2023,01/01/2020,09/23/2023,By Total,West Virginia,Male,All Ages,4403.0,52396.0,5838.0,91.0,7948.0
09/27/2023,01/01/2020,09/23/2023,By Total,West Virginia,Male,1-4 years,0.0,44.0,0.0,0.0,0.0
09/27/2023,01/01/2020,09/23/2023,By Total,West Virginia,Male,50-64 years,831.0,10728.0,1044.0,18.0,1429.0
09/27/2023,01/01/2020,09/23/2023,By Total,West Virginia,Male,55-64 years,630.0,8342.0,827.0,13.0,1121.0
09/27/2023,01/01/2020,09/23/2023,By Total,West Virginia,Male,65-74 years,1175.0,12924.0,1633.0,23.0,2152.0
09/27/2023,01/01/2020,09/23/2023,By Total,West Virginia,Male,75-84 years,1294.0,13058.0,1718.0,26.0,2346.0
09/27/2023,01/01/2020,09/23/2023,By Total,West Virginia,Male,85 years and over,856.0,9042.0,1117.0,11.0,1565.0
09/27/2023,01/01/2020,09/23/2023,By Total,West Virginia,Female,All Ages,3936.0,46296.0,4871.0,112.0,7009.0
09/27/2023,01/01/2020,09/23/2023,By Total,West Virginia,Female,50-64 years,610.0,7044.0,842.0,21.0,1118.0
09/27/2023,01/01/2020,09/23/2023,By Total,West Virginia,Female,55-64 years,487.0,5627.0,675.0,16.0,902.0
09/27/2023,01/01/2020,09/23/2023,By Total,West Virginia,Female,65-74 years,930.0,9545.0,1217.0,22.0,1654.0
09/27/2023,01/01/2020,09/23/2023,By Total,West Virginia,Female,75-84 years,1078.0,12015.0,1387.0,28.0,1949.0
09/27/2023,01/01/2020,09/23/2023,By Total,West Virginia,Female,85 years and over,1129.0,14239.0,1188.0,27.0,1940.0
09/27/2023,01/01/2020,09/23/2023,By Total,Wisconsin,All Sexes,All Ages,17064.0,223540.0,14520.0,424.0,25953.0
09/27/2023,01/01/2020,09/23/2023,By Total,Wisconsin,All Sexes,0-17 years,22.0,2201.0,50.0,12.0,76.0
09/27/2023,01/01/2020,09/23/2023,By Total,Wisconsin,All Sexes,30-39 years,219.0,5397.0,177.0,11.0,327.0
09/27/2023,01/01/2020,09/23/2023,By Total,Wisconsin,All Sexes,35-44 years,336.0,6256.0,244.0,18.0,488.0
09/27/2023,01/01/2020,09/23/2023,By Total,Wisconsin,All Sexes,40-49 years,500.0,7317.0,348.0,19.0,700.0
09/27/2023,01/01/2020,09/23/2023,By Total,Wisconsin,All Sexes,45-54 years,797.0,10484.0,590.0,25.0,1117.0
09/27/2023,01/01/2020,09/23/2023,By Total,Wisconsin,All Sexes,50-64 years,2419.0,32856.0,2072.0,64.0,3654.0
09/27/2023,01/01/2020,09/23/2023,By Total,Wisconsin,All Sexes,55-64 years,1918.0,26361.0,1684.0,49.0,2944.0
09/27/2023,01/01/2020,09/23/2023,By Total,Wisconsin,All Sexes,65-74 years,3516.0,43356.0,3146.0,92.0,5350.0
09/27/2023,01/01/2020,09/23/2023,By Total,Wisconsin,All Sexes,75-84 years,4634.0,55349.0,4155.0,102.0,7130.0
09/27/2023,01/01/2020,09/23/2023,By Total,Wisconsin,All Sexes,85 years and over,5670.0,73651.0,4499.0,118.0,8582.0
09/27/2023,01/01/2020,09/23/2023,By Total,Wisconsin,Male,All Ages,9322.0,116580.0,8093.0,194.0,14019.0
09/27/2023,01/01/2020,09/23/2023,By Total,Wisconsin,Male,40-49 years,316.0,4693.0,201.0,10.0,426.0
09/27/2023,01/01/2020,09/23/2023,By Total,Wisconsin,Male,45-54 years,505.0,6617.0,347.0,16.0,685.0
09/27/2023,01/01/2020,09/23/2023,By Total,Wisconsin,Male,50-64 years,1503.0,20256.0,1215.0,38.0,2207.0
09/27/2023,01/01/2020,09/23/2023,By Total,Wisconsin,Male,55-64 years,1192.0,16195.0,985.0,28.0,1780.0
09/27/2023,01/01/2020,09/23/2023,By Total,Wisconsin,Male,65-74 years,2139.0,25733.0,1885.0,49.0,3197.0
09/27/2023,01/01/2020,09/23/2023,By Total,Wisconsin,Male,75-84 years,2611.0,29319.0,2416.0,45.0,3976.0
09/27/2023,01/01/2020,09/23/2023,By Total,Wisconsin,Male,85 years and over,2567.0,29141.0,2196.0,39.0,3905.0
09/27/2023,01/01/2020,09/23/2023,By Total,Wisconsin,Female,All Ages,7742.0,106960.0,6427.0,230.0,11934.0
09/27/2023,01/01/2020,09/23/2023,By Total,Wisconsin,Female,35-44 years,141.0,2143.0,98.0,12.0,212.0
09/27/2023,01/01/2020,09/23/2023,By Total,Wisconsin,Female,50-64 years,916.0,12600.0,857.0,26.0,1447.0
09/27/2023,01/01/2020,09/23/2023,By Total,Wisconsin,Female,55-64 years,726.0,10166.0,699.0,21.0,1164.0
09/27/2023,01/01/2020,09/23/2023,By Total,Wisconsin,Female,65-74 years,1377.0,17623.0,1261.0,43.0,2153.0
09/27/2023,01/01/2020,09/23/2023,By Total,Wisconsin,Female,75-84 years,2023.0,26030.0,1739.0,57.0,3154.0
09/27/2023,01/01/2020,09/23/2023,By Total,Wisconsin,Female,85 years and over,3103.0,44510.0,2303.0,79.0,4677.0
09/27/2023,01/01/2020,09/23/2023,By Total,Wyoming,All Sexes,All Ages,1855.0,20597.0,1859.0,34.0,2777.0
09/27/2023,01/01/2020,09/23/2023,By Total,Wyoming,All Sexes,Under 1 year,0.0,65.0,0.0,0.0,0.0
09/27/2023,01/01/2020,09/23/2023,By Total,Wyoming,All Sexes,35-44 years,36.0,723.0,40.0,0.0,56.0
09/27/2023,01/01/2020,09/23/2023,By Total,Wyoming,All Sexes,40-49 years,59.0,864.0,73.0,0.0,97.0
09/27/2023,01/01/2020,09/23/2023,By Total,Wyoming,All Sexes,65-74 years,433.0,4436.0,426.0,10.0,605.0
09/27/2023,01/01/2020,09/23/2023,By Total,Wyoming,Male,All Ages,1006.0,11163.0,1016.0,18.0,1485.0
09/27/2023,01/01/2020,09/23/2023,By Total,Wyoming,Male,Under 1 year,0.0,33.0,0.0,0.0,0.0
09/27/2023,01/01/2020,09/23/2023,By Total,Wyoming,Male,35-44 years,22.0,518.0,25.0,0.0,35.0
09/27/2023,01/01/2020,09/23/2023,By Total,Wyoming,Male,40-49 years,34.0,581.0,45.0,0.0,58.0
09/27/2023,01/01/2020,09/23/2023,By Total,Wyoming,Male,45-54 years,50.0,688.0,50.0,0.0,69.0
09/27/2023,01/01/2020,09/23/2023,By Total,Wyoming,Male,50-64 years,194.0,2058.0,170.0,0.0,248.0
09/27/2023,01/01/2020,09/23/2023,By Total,Wyoming,Male,55-64 years,166.0,1678.0,149.0,0.0,217.0
09/27/2023,01/01/2020,09/23/2023,By Total,Wyoming,Female,All Ages,849.0,9434.0,843.0,16.0,1292.0
09/27/2023,01/01/2020,09/23/2023,By Total,Wyoming,Female,Under 1 year,0.0,32.0,0.0,0.0,0.0
09/27/2023,01/01/2020,09/23/2023,By Total,Wyoming,Female,5-14 years,0.0,13.0,0.0,0.0,0.0
09/27/2023,01/01/2020,09/23/2023,By Total,Wyoming,Female,35-44 years,14.0,205.0,15.0,0.0,21.0
09/27/2023,01/01/2020,09/23/2023,By Total,Wyoming,Female,40-49 years,25.0,283.0,28.0,0.0,39.0
09/27/2023,01/01/2020,09/23/2023,By Total,Puerto Rico,All Sexes,All Ages,6407.0,125067.0,17492.0,300.0,19732.0
09/27/2023,01/01/2020,09/23/2023,By Total,Puerto Rico,All Sexes,45-54 years,445.0,6439.0,801.0,19.0,955.0
09/27/2023,01/01/2020,09/23/2023,By Total,Puerto Rico,All Sexes,50-64 years,1086.0,17033.0,2276.0,54.0,2645.0
09/27/2023,01/01/2020,09/23/2023,By Total,Puerto Rico,All Sexes,55-64 years,797.0,13218.0,1779.0,41.0,2047.0
09/27/2023,01/01/2020,09/23/2023,By Total,Puerto Rico,All Sexes,65-74 years,1279.0,23235.0,3329.0,42.0,3730.0
09/27/2023,01/01/2020,09/23/2023,By Total,Puerto Rico,All Sexes,75-84 years,1752.0,35028.0,5369.0,93.0,5983.0
09/27/2023,01/01/2020,09/23/2023,By Total,Puerto Rico,All Sexes,85 years and over,1820.0,39164.0,5691.0,90.0,6345.0
09/27/2023,01/01/2020,09/23/2023,By Total,Puerto Rico,Male,All Ages,3530.0,67725.0,9391.0,134.0,10609.0
09/27/2023,01/01/2020,09/23/2023,By Total,Puerto Rico,Male,45-54 years,286.0,4420.0,507.0,12.0,610.0
09/27/2023,01/01/2020,09/23/2023,By Total,Puerto Rico,Male,50-64 years,656.0,11081.0,1408.0,37.0,1655.0
09/27/2023,01/01/2020,09/23/2023,By Total,Puerto Rico,Male,55-64 years,471.0,8473.0,1086.0,27.0,1262.0
09/27/2023,01/01/2020,09/23/2023,By Total,Puerto Rico,Male,65-74 years,750.0,13900.0,1975.0,21.0,2218.0
09/27/2023,01/01/2020,09/23/2023,By Total,Puerto Rico,Male,75-84 years,973.0,18625.0,2915.0,39.0,3240.0
09/27/2023,01/01/2020,09/23/2023,By Total,Puerto Rico,Male,85 years and over,833.0,16218.0,2550.0,25.0,2818.0
09/27/2023,01/01/2020,09/23/2023,By Total,Puerto Rico,Female,All Ages,2877.0,57342.0,8101.0,166.0,9123.0
09/27/2023,01/01/2020,09/23/2023,By Total,Puerto Rico,Female,18-29 years,17.0,386.0,32.0,0.0,42.0
09/27/2023,01/01/2020,09/23/2023,By Total,Puerto Rico,Female,50-64 years,430.0,5952.0,868.0,17.0,990.0
09/27/2023,01/01/2020,09/23/2023,By Total,Puerto Rico,Female,55-64 years,326.0,4745.0,693.0,14.0,785.0
09/27/2023,01/01/2020,09/23/2023,By Total,Puerto Rico,Female,65-74 years,529.0,9335.0,1354.0,21.0,1512.0
09/27/2023,01/01/2020,09/23/2023,By Total,Puerto Rico,Female,75-84 years,779.0,16403.0,2454.0,54.0,2743.0
09/27/2023,01/01/2020,09/23/2023,By Total,Puerto Rico,Female,85 years and over,987.0,22946.0,3141.0,65.0,3527.0
